#Código de la Partida,Descripción,Vinculación,,Crédito Inicial,,Modificación de Crédito,Crédito Definitivo,Obligaciones Reconocidas
011/31003,INTERESES PRESTAMO Nº 295.240842-81,0*/3*,,808.64,,-808.64,0.0,0.0
011/31005,INTERESES PRESTAMO Nº295.240843-94,0*/3*,,3537.33,,-3408.1,129.23,129.23
011/31007,INTERESES PRESTAMO Nº0049 4601 41 1030602293,0*/3*,,4955.99,,-3224.59,1731.4,1731.4
011/31008,INTERESES PRESTAMO Nº0182 5717 0300001107,0*/3*,,1388.86,,-1385.98,2.88,2.88
011/31009,INTERESES PRESTAMO ICO TURISMO Nº 295.242764-60,0*/3*,,22659.56,,-4677.34,17982.22,17982.22
011/35200,DEUDA PÚBLICA/INTERESES DE DEMORA,0*/3*,,1000.0,,0.0,1000.0,157.94
011/35900,DEUDA PÚBLICA/OTROS GASTOS FINANCIEROS,0*/3*,,3000.0,,-3000.0,0.0,0.0
011/91301,Amortiz.Ptmo.CajaCanarias 295.240842-81,011*/9*,,480000.0,,588682.15,1068682.15,1068682.15
011/91302,Amortz. Ptmo.CajaCanarias nº 295.240843-94,011*/9*,,576000.0,,3615264.87,4191264.87,4191264.87
011/91303,Amort.Ptmo.BSCH.nº.0049 4601 41 1030602293,011*/9*,,288000.0,,1825942.94,2113942.94,2113371.62
011/91304,Amort.ptmo.BBVA.nº.0182 5717 0300001107,011*/9*,,264705.24,,1654408.17,1919113.41,1919113.41
011/91308,Amort. Ptmo. ICO CajaCanarias nº9610019319,011*/9*,,561594.28,,4301177.0,4862771.28,4862771.28
130/12000,ADMINISTRACIÓN GRAL DE LA SEGURIDAD Y PROTECCIÓN CIVIL/ SUELDOS DEL GRUPO A1,1*/1*,,0.0,,4480.56,4480.56,0.0
130/12100,ADMINISTRACIÓN GRAL DE LA SEGURIDAD Y PROTECCIÓN CIVIL/ COMPLEMENTO DE DESTINO,1*/1*,,0.0,,2956.26,2956.26,0.0
130/12101,ADMINISTRACIÓN GRAL DE LA SEGURIDAD Y PROTECCIÓN CIVIL/ COMPLEMENTO ESPECÍFICO,1*/1*,,0.0,,5924.7,5924.7,0.0
130/12103,ADMINISTRACIÓN GRAL DE LA SEGURIDAD Y PROTECCIÓN CIVIL/ OTROS COMPLEMENTOS,1*/1*,,0.0,,649.17,649.17,0.0
130/13100,ADMT.GRAL.SEG.Y PROT/RETRIBUCIONES BÁSICAS LAB.TEM,1*/1*,,229429.64,,31532.7,260962.34,237791.59
130/15000,ADMINISTRACIÓN GRAL DE LA SEGURIDAD Y PROTECCIÓN CIVIL/ PRODUCTIVIDAD,1*/15*,,0.0,,2313.11,2313.11,0.0
130/16000,ADMT.GRAL.SEG.Y PROT./ SEGURIDAD SOCIAL,1*/1*,,66432.99,,9743.6,76176.59,70125.93
130/22799,ADMT.GRAL.SEG.Y PROT/OT.TRABOS REAL.EMPR.Y OT.PROF,130*/22*,,5000.0,,0.0,5000.0,3496.0
130/62909,ADMTRACIÓN GRAL DE LA SEGURIDAD Y PROTECCIÓN CIVIL/ INSTALACIÓN DE AIRE ACONDICIONADO,130*/62*,,0.0,,0.0,0.0,0.0
132/12000,SEGURIDAD Y ORDEN PÚBLICO/ RETRIBUCIONES BASICAS GRUPO A1,1*/1*,,15863.27,,155.27,16018.54,16600.37
132/12001,SEGURIDAD Y ORDEN PÚBLICO/ RETRIBUCIONES BASICAS GRUPO A2,1*/1*,,110501.38,,1074.08,111575.46,147304.48
132/12003,SEGURIDAD Y ORDEN PÚBLICO/ RETRIBUCIONES BASICAS GRUPO C1,1*/1*,,1164016.99,,11289.6,1175306.59,1381648.98
132/12006,SEGURIDAD Y ORDEN PÚBLICO/ TRIENIOS,1*/1*,,217860.26,,2122.27,219982.53,190952.06
132/12100,SEGURIDAD Y ORDEN PÚBLICO/ COMPLEMENTO DE DESTINO,1*/1*,,765390.12,,7391.8,772781.92,645316.16
132/12101,SEGURIDAD Y ORDEN PÚBLICO/ COMPLEMENTO ESPECIFICO,1*/1*,,1718297.34,,14461.62,1732758.96,1506176.77
132/12103,SEGURIDAD Y ORDEN PÚBLICO/ OTROS COMPLEMENTOS,1*/1*,,436205.33,,1893.28,438098.61,383730.96
132/15000,SEGURIDAD Y ORDEN PÚBLICO/ PRODUCTIVIDAD,1*/15*,,261311.17,,0.0,261311.17,209216.22
132/16000,SEGURIDAD Y ORDEN PÚBLICO/ SEGURIDAD SOCIAL,1*/1*,,1247415.5,,10751.48,1258166.98,996953.26
132/16204,SEGURIDAD Y ORDEN PÚBLICO/ ACCIÓN SOCIAL,1*/1*,,4327.2,,0.0,4327.2,4327.2
132/21500,SEGURIDAD Y ORDEN PÚBLICO/ REP.MANTNMTO Y CONSERV. MOBILIARIO Y ENSERES,132*/21*,,3000.0,,0.0,3000.0,3000.0
132/22104,SEGURIDAD Y ORDEN PÚBLICO/VESTUARIO,132*/22*,,37500.0,,34823.0,72323.0,43361.72
132/22105,SEGURIDAD Y ORDEN PÚBLICO/ PRODUCTOS ALIMENTICIOS,132*/22*,,600.0,,0.0,600.0,361.4
132/22199,SEGURIDAD Y ORDEN PÚBLICO/ OTROS SUMINISTROS,132*/22*,,2000.0,,0.0,2000.0,12436.29
132/22699,SEGURIDAD Y ORDEN PÚBLICO/ OTROS GASTOS DIVERSOS,132*/22*,,0.0,,0.0,0.0,12131.16
132/62220,SEGURIDAD Y ORDEN PÚBLICO/ TALLER CUARTEL POLICÍA LOCAL FAÑABE,132*/62*,,23946.6,,-12000.0,11946.6,0.0
132/62221,SEGURIDAD Y ORDEN PÚBLICO/ CUARTEL POLICÍA LOCAL DE FAÑABE,132*/62*,,0.0,,40000.0,40000.0,0.0
132/62231,SEGURIDAD Y ORDEN PÚBLICO/ CUARTEL POLICÍA LOCAL DE LAS TORRES,132*/62*,,0.0,,12262.93,12262.93,17612.92
132/62400,SEGURIDAD Y ORDEN PÚBLICO/ ELEMENTOS DE TRANSPORTE,132*/62*,,0.0,,100000.52,100000.52,0.0
132/62507,SEGURIDAD Y ORDEN PÚBLICO/ EMISORAS,132*/62*,,0.0,,0.0,0.0,0.0
132/62533,SEGURIDAD Y ORDEN PÚBLICO/ DETECTOR DE DOCUMENTOS POLICÍA LOCAL,132*/62*,,0.0,,1000.0,1000.0,0.0
133/13100,ORD.TRÁFICO Y ESTACIONAMNT/RETRIBUCIONES  BÁSICAS,1*/1*,,208931.33,,0.0,208931.33,201927.59
133/16000,ORD.TRAFICO Y ESTACIONAMNTO/ SEGURIDAD SOCIAL,1*/1*,,68565.73,,0.0,68565.73,65414.61
133/21300,ORD.TRÁFICO Y ESTACINMNTO/REP.CONS.MAQ.INST.Y UTI,133*/21*,,8000.0,,0.0,8000.0,1844.1
133/22104,ORD.TRÁFICO Y ESTACIONAMIENTO/ VESTUARIO,133*/22*,,3000.0,,0.0,3000.0,1847.18
133/22199,ORD.TRAFICO Y ESTACIONAMNTO/ OTROS SUMINISTROS,133*/22*,,70000.0,,0.0,70000.0,66946.14
133/22602,ORDENACIÓN DEL TRÁFICO Y DEL ESTACIONAMIENTO/ PUBLICIDAD Y PROPAGANDA,133*/22*,,10000.0,,-10000.0,0.0,0.0
133/22799,ORD.TRÁFICO Y ESTCIONAMNTO/OT.TRABJOS.REAL.OT.EMPR,133*/22*,,540000.0,,-15000.0,525000.0,421064.03
133/60958,ORDENACIÓN DEL TRÁFICO Y ESTACIONAMIENTO/APARCAMIENTO EN SUPERFICIE EN CALLE CASTILLA,133*/60*,,0.0,,380000.0,380000.0,0.0
133/61918,ORDENACIÓN DEL TRÁFICO Y DEL ESTACIONAMIENTO/ MEJORA Y RESPOSICIÓN DE SEÑALÍTICA EN COSTA ADEJE,133*/61*,,0.0,,25000.0,25000.0,21930.43
133/62232,ORDENACIÓN DEL TRÁFICO Y ESTACIONAMMIENTO/APARCAMIENTO SUBTERRÁNEO CASA FUERTE,133*/62*,,0.0,,4052620.54,4052620.54,0.0
133/62400,ORDENACIÓN DEL TRÁFICO Y DEL ESTACIONAMIENTO/ ELEMENTOS DE TRANSPORTE,133*/62*,,0.0,,0.0,0.0,0.0
135/13100,PROTECCIÓN CIVIL /RETRBUCIONES BÁSICAS LAB.TEMPORA,1*/1*,,440602.37,,0.0,440602.37,415500.03
135/16000,PROTECCIÓN CIVIL/ SEGURIDAD SOCIAL,1*/1*,,138137.58,,0.0,138137.58,135225.24
135/21400,PROTECCIÓN CIVIL/ REP.MNTNMTO Y CONSERVACIÓN ELEMENTOS DE TRANSPORTE,135*/21*,,10000.0,,-6000.0,4000.0,0.0
135/22104,PROTECCION CIVIL/VESTUARIO,135*/22*,,6500.0,,-2380.0,4120.0,820.32
135/22106,PROTECCIÓN CIVIL/PRODUCTOS FARMACÉUTICOS Y MATERIAL SANITARIO,135*/22*,,2000.0,,0.0,2000.0,654.76
135/22199,PROTECCIÓN CIVIL/ OTROS SUMINISTROS,135*/22*,,3000.0,,0.0,3000.0,9116.75
135/22799,PROTECCIÓN CIVIL/OTROS TRABAJOS REALIZADOS POR OTRAS EMPRESAS,135*/22*,,200000.0,,-37683.26,162316.74,153406.85
135/48900,PROTECCIÓN  CIVIL/OTRAS TRANSFERENCIAS,135*/48*,,12000.0,,0.0,12000.0,12000.0
135/62400,PROTECCIÓN CIVIL/ ELEMENTOS DE TRANSPORTE,135*/62*,,0.0,,35000.0,35000.0,34478.07
135/62500,PROTECCIÓN CIVIL/ MOBILIARIO Y ENSERES,135*/62*,,0.0,,2900.0,2900.0,2798.0
135/62507,PROTECCIÓN CIVIL/ EMISORAS,135*/62*,,6000.0,,0.0,6000.0,2994.93
135/62535,PROTECCIÓN CIVIL/ TAQUILLAS PARA VESTUARIO,135*/62*,,0.0,,3380.0,3380.0,3375.0
135/62912,PROTECCIÓN CIVIL/ DESFIBRILADOR,135*/62*,,0.0,,9000.0,9000.0,8149.05
135/62949,PROTECCIÓN CIVIL/ GPS,135*/62*,,0.0,,1100.0,1100.0,1100.0
151/12000,URBANISMO/ RESTRIBUCIONES BASICAS,1*/1*,,31053.4,,-6517.39,24536.01,1120.15
151/12001,URBANISMO / RETRIBUCIONES BÁSICAS GRUPO A2,1*/1*,,343.96,,0.0,343.96,968.57
151/12003,URBANISMO/ SUELDOS GRUPO C1,1*/1*,,306.05,,0.0,306.05,0.0
151/12006,URBANISMO / TRIENIOS,1*/1*,,4613.74,,0.0,4613.74,520.13
151/12100,URBANISMO/ COMPLEMENTO DE DESTINO,1*/1*,,20180.73,,-3408.16,16772.57,1284.83
151/12101,URBANISMO / COMPLEMENTO ESPECIFICO,1*/1*,,47220.22,,-7170.1,40050.12,3063.11
151/12103,URBANISMO/ OTROS COMPLEMENTOS,1*/1*,,4663.73,,-968.82,3694.91,298.42
151/13000,URBANISMO/ RETRIBUCIONES BÁSICAS,1*/1*,,46561.48,,0.0,46561.48,38339.32
151/13002,URBANISMO/ OTRAS REMUNERACIONES,1*/1*,,8344.01,,0.0,8344.01,8881.2
151/13100,URBANISMO / RETRIBUCIONES BASICAS LAB.TEMPORAL,1*/1*,,373358.44,,0.0,373358.44,367124.61
151/15000,URBANISMO / PRODUCTIVIDAD,1*/15*,,13442.22,,-2828.79,10613.43,1057.56
151/16000,URBANISMO/ SEGURIDAD SOCIAL,1*/1*,,151832.62,,-5687.54,146145.08,105317.33
151/16103,URBANISMO/PENSIONES EXCEPCIONALES,1*/1*,,0.0,,0.0,0.0,9000.0
151/22699,URBANISMO/OTROS GASTOS DIVERSOS,151*/22*,,1000.0,,0.0,1000.0,1284.0
151/22706,URBANISMO/ ESTUDIOS Y TRABAJOS TECNICOS,151*/22*,,195000.0,,0.0,195000.0,130291.1
151/22799,URBANISMO/ OTROS TRABAJOS REALIZADOS OTRAS EMPRESA,151*/22*,,20000.0,,-535.0,19465.0,8346.65
151/60000,URBANISMO/ INVERSIÓN EN TERRENOS,151*/60*,,0.0,,50000.0,50000.0,50321.62
151/60952,URBANISMO/ PROYECTO Y URBANIZACIÓN CAMINO BORDE DEL BARRANCO,151*/60*,,0.0,,194640.47,194640.47,0.0
151/62232,URBANISMO/ APARCAMIENTO SUBTERRÁNEO CASA FUERTE,151*/62*,,0.0,,30495.0,30495.0,30495.0
1522/22799,CONSERVACIÓN Y REHABILITACIÓN DE LA EDIFICACIÓN/OT.TRABJOS.REALZDOS OT.EMPRESAS Y PROFESI,152*/22*,,31460.0,,0.0,31460.0,31460.0
1522/74000,CONSERVACIÓN Y REHABILITACIÓN DE LA EDIFICACIÓN/TRANSF.A ENTES PÚBLICOS Y SOC.MERCANT.E.L,152*/74*,,0.0,,225555.54,225555.54,196380.11
153/60960,VÍAS PÚBLICAS/ PLATAFORMA - MIRADOR SOBRE EL BARRANCO DE LAS SALINAS,153*/60*,,0.0,,319886.21,319886.21,0.0
1531/60942,ACCESO A NÚCLEOS DE POBLACIÓN/ VÍA DE INTERCONEXIÓN PLAYA PARAÍSO - LA CALETA,153*/60*,,119881.4,,38600.0,158481.4,38332.75
1531/60955,ACCESOS A NUCLEOS DE POBLACIÓN/VÍA CONEXIÓN ENTRE URB.UN POSTO AL Y CALLAO SALVAJE,153*/60*,,0.0,,133642.07,133642.07,0.0
1532/22501,PAVIMENTACIÓN DE VÍAS PÚBLICAS/ TRIBUTOS DE LAS COMUNIDADES AUTÓNOMAS,153*/22*,,0.0,,0.0,0.0,267.07
1532/22697,PAVIMENTACIÓN DE VIAS PUBLICAS/INDEMNIZACIONES,153*/22*,,50000.0,,-49732.93,267.07,0.0
1532/22799,PAVIMENTACIÓN DE VIAS PUBLICAS/OT.TRAB.REALZ.OT.EMP.Y PROFESIONALES,153*/22*,,2049716.3,,109582.63,2159298.93,1567321.33
1532/60900,PAVIMENTACIÓN DE VÍAS PÚBLICAS/OT. INVERSIONES NUEVAS EN INFRAESTRUCUTRAS Y BB DSTNADOS AL USO GRAL,153*/60*,,0.0,,0.0,0.0,0.0
1532/60944,PAVIMENTACIÓN DE VÍAS PÚBLICAS/ APARCAMIENTO TRASERA C/ VIERA Y CLAVIJO,153*/60*,,321000.0,,-321000.0,0.0,0.0
1532/60956,PAVIMENTACIÓN DE VÍAS PÚBLICAS/ REMODELACIÓN CALLE ROMA,153*/60*,,0.0,,192316.4,192316.4,0.0
1532/60957,PAVIMENTACIÓN DE VÍAS PÚBLICAS/ REMODELACIÓN CALLE PARIS,153*/60*,,0.0,,520000.0,520000.0,0.0
1532/61926,PAVIMENTACIÓN DE VÍAS PÚBLICAS/REMODELACIÓN Y MEJORA DE CALLE NUEVA Y TINERFE EL GRANDE,153*/61*,,0.0,,29321.3,29321.3,0.0
1532/61927,PAVIMENTACIÓN DE VÍAS PÚBLICAS/ PLAN DE EMBELLECIMIENTO DE VÍAS PÚBLICAS,153*/61*,,0.0,,165012.21,165012.21,150768.72
1532/61932,"PAVIMENTACIÓN VÍAS PÚBLICAS/ PAVIMENTACIÓN, MEJORAS Y AMPLIACIÓN DE VÍAS PÚBLICAS",153*/61*,,0.0,,595768.99,595768.99,176411.23
1532/76101,"PAVIMENTACIÓN VÍAS PÚBLICAS/ TRANSFERENCIA AL CABILDO, ROTONDA DE ARMEÑIME",153*/76*,,0.0,,568331.46,568331.46,0.0
160/21000,ALCANTARILLADO/REP.MANTNMTO Y CONS.INSFRAESTRUCTURA Y BIENES NATURALES,160*/21*,,150000.0,,26910.51,176910.51,141489.96
160/22100,ALCANTARILLADO/ENERGÍA ELÉCTRICA,160*/22*,,350000.0,,0.0,350000.0,321223.58
160/22706,ALCANTARILLADO/ESTUDIOS Y TRABAJOS TÉCNICOS,160*/22*,,40000.0,,0.0,40000.0,2626.0
160/22797,ALCANTARILLADO/SERVICIO SANEAMIENTO,160*/22*,,3956445.65,,-26910.51,3929535.14,3844755.96
160/22799,ALCANTARILLADO/OTROS TRABAJOS REALIZADOS POR OTRAS EMPRESAS,160*/22*,,0.0,,0.0,0.0,353.1
160/60901,ALCANTARILLADO/CONST. SISTEMA ELEVACIÓN AGUAS RESIDUALES AL COLECTOR GRAL. DE LA CALETA,160*/60*,,351423.37,,0.0,351423.37,0.0
160/60934,ALCANTARILLADO/ AZUDES DE ESCORRENTIAS EN TORVISCAS Y MONTAÑETA,160*/60*,,122757.14,,0.0,122757.14,0.0
160/60943,ALCANTARILLADO/ SANEAMIENTO DEL PUERTITO,160*/60*,,36000.0,,0.0,36000.0,0.0
160/60945,ALCANTARILLADO/ COLECTOR DE PLUVIALES EN LA C/ WALTER PAETZMANN,160*/60*,,130000.0,,0.0,130000.0,0.0
161/12001,ABASTECIMIENTO DOMICILIARIO DE AGUA POTABLE/ SUELDO GRUPO A2,1*/1*,,13425.72,,134.26,13559.98,13817.37
161/12004,Abastecimiento domiciliario de agua potable/SUELDOS GRUPO C2,1*/1*,,8681.53,,83.9,8765.43,9389.48
161/12006,Abastecimiento domiciliario de agua potable/TRIENIOS,1*/1*,,8489.56,,83.76,8573.32,8124.98
161/12100,Abastecimiento domiciliario de agua potable/COMPLEMENTO DE DESTINO,1*/1*,,9924.68,,97.97,10022.65,9717.28
161/12101,Abastecimiento domiciliario de agua potable/COMPLEMENTO ESPECIFICO,1*/1*,,23177.6,,229.29,23406.89,22787.83
161/12103,Abastecimiento domiciliario de agua potable/OTROS COMPLEMENTOS,1*/1*,,3175.72,,31.31,3207.03,3108.8
161/13100,ABASTACIMIENTO DOMICILIARIO DE AGUA POTABLE/RETRIBUCIONES BASICAS,1*/1*,,24645.82,,0.0,24645.82,24740.04
161/15000,Abastecimiento domiciliario de agua potable/PRODUCTIVIDAD,1*/15*,,10444.72,,0.0,10444.72,9379.43
161/16000,Abastecimiento domiciliario de agua potable/ SEGURIDAD SOCIAL,1*/1*,,29089.89,,203.22,29293.11,27969.24
161/21000,ABASTECIMIENTO DOMICILIARIO DE AGUA POTABLE/REP.CONS.INFRAES.Y BB.NATUR,161*/21*,,125000.0,,38769.7,163769.7,120523.95
161/22100,ABASTECIMIENTO DOMICILIARIO DE AGUA POTABLE/ ENERGIA ELÉCTRICA,161*/22*,,902774.13,,0.0,902774.13,831522.13
161/22101,ABASTECIMIENTO DOMICILIARIO DE AGUA POTABLE/ AGUA,161*/22*,,5951278.32,,0.0,5951278.32,5718427.42
161/22699,ABASTECIMIENTO DOMICILIARIO DE AGUA POTABLE/ OTROS GASTOS DIVERSOS,161*/22*,,8235.79,,0.0,8235.79,0.0
161/22798,ABASTECIMIENTO DOMICILIARIO DE AGUA POTABLE/SS.ABAST.Y DIST.AGU,161*/22*,,15114148.2,,-38600.0,15075548.2,14896496.01
161/60901,ABASTECIMNTO DOM. DE AGUA POTABLE/CONST.SIST.ELEVA.AGUAS RESIDUALES AL COLECTOR GRAL LA CALETA,161*/60*,,0.0,,1252479.34,1252479.34,18457.5
161/60917,ABASTECIMIENTO DOMICILIARIO DE AGUA POTABLE/DEPÓSITO DE RESERVA AGUA FAÑABE,161*/60*,,247997.26,,0.0,247997.26,210497.26
161/60930,ABASTECIMIENTO DOMICILIARIO DE AGUA POTABLE/MEJORA SUMINISTRO AGUA Bº FAÑABE Y ZONA ALTA SAN EUGENIO,161*/60*,,0.0,,10196.46,10196.46,10196.41
161/60931,ABASTECIMIENTO DOMICILIARIO DE AGUA POTABLE/ EMBALSE DEL VALLITO,161*/60*,,0.0,,46028.26,46028.26,47356.0
161/60936,ABASTECIMIENTO DOMICILIARIO AGUA POTABLE/ELECTRIFICACIÓN DE LA IMPULSIÓN LAS TORRES-MORADITAS BAJO,161*/60*,,0.0,,52263.45,52263.45,52263.45
161/60938,ABSTCMNTO DOMICILIARIO AGUA POTABLE/ PRESA DE  TIJOCO,161*/60*,,0.0,,84315.69,84315.69,84316.39
161/60939,ABSTECMNTO DOMICILIARIO AGUA POTABLE/ AMPLIACIÓN EQUIPOS DE BOMBEO ESTAC. COOPERATIVA,161*/60*,,0.0,,18093.82,18093.82,18093.82
161/60941,ABSTECMNTO DOMICILIARIO AGUA POTABLE/ INSTALACIONES DE TUBERÍAS DE TRANSPORTE DE AGUA,161*/60*,,0.0,,180636.53,180636.53,110578.39
161/60946,ABASTECIMIENTO DOMICILIARIO DE AGUA POTABLE/ DEPÓSITO REGULADOR AGUA PARA TAUCHO,161*/60*,,18737.09,,0.0,18737.09,0.0
161/60947,ABASTECIMIENTO DOMICILIARIO DE AGUA POTABLE/ DEPÓSITO REGULADOR AGUA PARA ADEJE CASCO,161*/60*,,19500.0,,0.0,19500.0,0.0
161/60948,ABASTECIMIENTO DOMICILIARIO DE AGUA POTABLE/ ESTACIÓN DE BOMBEO CALLAO SALVAJE,161*/60*,,10700.0,,0.0,10700.0,0.0
161/60949,ABASTECIMIENTO DOMICILIARIO DE AGUA POTABLE/ DEPÓSITO ABASTECIMIENTO DE AGUA DE CALLAO SALVAJE,161*/60*,,0.0,,26005.01,26005.01,29517.31
161/60950,ABASTECIMIENTO DOMICILIARIO DE AGUA POTABLE/ PRESA LA AGRÍCOLA,161*/60*,,0.0,,64105.0,64105.0,0.0
1621/13100,RECOGIDA DE RESIDUOS/RETRIBUCIONES BÁSICAS,1*/1*,,32919.86,,0.0,32919.86,26813.48
1621/16000,RECOGIDA DE RESIDUOS/SEGURIDAD SOCIAL,1*/1*,,9878.56,,0.0,9878.56,9543.72
1621/22698,RECOGIDA DE RESIDUOS/RESPONSABILIDAD PATRIMONIAL,162*/22*,,3000.0,,0.0,3000.0,0.0
1621/22700,RECODIDA DE RESIDUOS/LIMPIEZA Y ASEO,162*/22*,,66859.34,,5571.57,72430.91,69645.12
1621/22710,RECOGIDA DE RESIDUOS/RECOGIDA DOM.DE BASURA,162*/22*,,3648482.55,,0.0,3648482.55,3234807.54
1621/62920,RECOGIDA DE RESIDUOS/ CONTENEDORES SOTERRADOS,162*/62*,,0.0,,0.0,0.0,0.0
1623/22712,TRATAMIENTO DE RESIDUOS/SS.TRATAMNTO RES.SÓLIDO,162*/22*,,2215247.2,,-13910.0,2201337.2,1976253.09
163/22711,LIMPIEZA VIARIA/ SERVICIO DE LIMPIEZA VIARIA,163*/22*,,5117801.44,,-643749.68,4474051.76,4381615.84
164/13000,CEMENTERIOS Y SERVICIOS FUNERARIOS/ RETRIBUCIONES BÁSICAS,1*/1*,,23659.01,,0.0,23659.01,21259.18
164/13002,CEMENTERIOS Y SERVICIOS FUNERARIOS/ OTRAS REMUNERACIONES,1*/1*,,6401.54,,0.0,6401.54,5868.06
164/13100,CEMEN.Y SS FUNE/ RETRIBUCIONES BÁSICAS LAB.TEMP,1*/1*,,1435.99,,0.0,1435.99,2962.62
164/16000,CEMEN. Y SS.FUNE/SEGURIDAD SOCIAL,1*/1*,,8921.17,,0.0,8921.17,8606.9
164/22102,CEMENTERIO Y SERVICIOS FUNERARIOS/ GAS,164*/22*,,30000.0,,-16000.0,14000.0,3911.28
164/22199,CEMENTERIO Y SERVICIOS FUNERARIOS/ OTROS SUMINISTROS,164*/22*,,2000.0,,0.0,2000.0,0.0
164/22706,Cementerio y servicios funerarios/Estudios y trabajos técnicos,164*/22*,,0.0,,0.0,0.0,1712.0
164/22799,CEMENT.Y SERV. FUN./ OT TRAB. REALZ. OT. EMPRESAS,164*/22*,,68195.05,,4214.67,72409.72,58069.38
164/62222,CEMENTERIO Y SERVICIOS FUNERARIOS/NICHOS DE RESTOS CEMENTERIO MUNICIPAL,164*/62*,,0.0,,147394.46,147394.46,75450.79
164/62900,CEMENTERIO Y SS. FUNERARIOS/ OTRAS INVERSIONES NUEVAS ASOC AL FUNCNMTO DE LOS SS,164*/62*,,0.0,,0.0,0.0,0.0
165/13100,ALUMBRADO PÚBLICO/RETRIBUCIONES BÁSICAS,1*/1*,,53301.74,,0.0,53301.74,51623.56
165/16000,ALUMBRADO PÚBLICO/ SEGURIDAD SOCIAL,1*/1*,,18905.15,,0.0,18905.15,18365.76
165/21000,ALUMBRADO PÚB/REP.MANT.Y CONS.INFRAEST.Y BB.NATURA,165*/21*,,90000.0,,0.0,90000.0,83307.01
165/22100,ALUMBRADO PÚBLICO/ENERGÍA ELÉCTRICA,165*/22*,,660000.0,,0.0,660000.0,608767.02
165/22706,ALUMBRADO PÚBLICO/ESTUDIOS Y TRABAJOS TÉCNICOS,165*/22*,,5900.0,,0.0,5900.0,0.0
165/22799,ALUMBRADO PÚB/OT.TRBJOS REALI.OT.EMPRESAS Y PROFES,165*/22*,,928254.0,,43547.93,971801.93,880766.04
170/13100,ADMT.GRAL.MDIO AMBNT/RETRIBUCIONES BÁSICAS LAB.TEM,1*/1*,,97868.91,,0.0,97868.91,91749.77
170/16000,ADMT.GRAL MDIO AMBNTE/SEGURIDAD SOCIAL,1*/1*,,29455.52,,0.0,29455.52,27430.63
171/20300,"PARQUES Y JARDINES/ ARRENDAMIENTO DE MAQUINARIA, INSTALACIONES Y  UTILLAJE",171*/20*,,0.0,,8000.0,8000.0,0.0
171/22199,PARQUES Y JARDINES/ OTROS SUMINISTROS,171*/22*,,0.0,,6000.0,6000.0,13595.65
171/22698,PARQUES Y JARDINES/RESPONSABILIDAD PATRIMONIAL,171*/22*,,4552.31,,0.0,4552.31,0.0
171/22799,PARQUES Y JARDINES/OT.TRBJOS.REAL.OT.EMPRESAS Y PR,171*/22*,,2422203.35,,426898.89,2849102.24,2409623.5
171/60911,PARQUES Y JARDINES/ PLAN DE MOBILIARIO URBANO EN EL MUNICIPIO,171*/60*,,0.0,,96549.25,96549.25,0.0
171/60928,PARQUES Y JARDINES/ PLAN DE BARRIOS MUNICIPAL 2013-2015,171*/60*,,0.0,,51852.26,51852.26,49218.11
171/60935,PARQUES Y JARDINES/ PLAN DE EMBELLECIMIENTO,171*/60*,,0.0,,0.0,0.0,0.0
171/60940,PARQUES Y JARDINES/ ACONDICIONAMIENTO Y TERMINACIÓN DE ZONAS VERDES EN LA URB. EL GALEÓN,171*/60*,,0.0,,17751.68,17751.68,17751.67
171/61933,PARQUES Y JARDINES/ REFORMA Y ACONDICIONAMIENTO DE PARQUES Y JARDINES,171*/61*,,0.0,,755401.34,755401.34,29350.68
171/61934,PARQUES Y JARDINES/ REFORMAS Y ACONDICIONAMIENTOS DE PARQUES INFANTILES,171*/61*,,0.0,,152963.46,152963.46,0.0
172/20400,PROTECCIÓN Y MEJORA DEL MEDIO AMBIENTE/ ARRENDAMIENTO DE MATERIAL DE TRANSPORTE,172*/20*,,0.0,,0.0,0.0,0.0
172/20800,PROTECCIÓN Y MEJORA DEL MEDIO AMBIENTE/ARRENDT. OT.INMV.MATERIAL,172*/20*,,5000.0,,0.0,5000.0,1152.0
172/21301,PROTECCIÓN Y MEJORA DEL MEDIO AMBIENTE/ REP.MNTNMTO Y CONSERVACIÓN PLANTA FOTOVOLTÁICA,172*/21*,,12000.0,,0.0,12000.0,9907.31
172/22104,PROTECCIÓN Y MEJORA DEL MEDIO AMBIENTE/VESTUARIO,172*/22*,,5000.0,,0.0,5000.0,789.56
172/22199,PROTECCIÓN Y MEJORA DEL MEDIO AMBIENTE/OT. SUMINISTROS,172*/22*,,19000.0,,0.0,19000.0,635.18
172/22500,PROTECCIÓN Y MEJORA DEL MEDIO AMBIENTE/TRIBUTOS ESTATALES,172*/22*,,10000.0,,0.0,10000.0,4522.82
172/22502,PROT.Y MEJ. MDIO AMBNTE/TRIBUTOS ENTIDADES LOCALES,172*/22*,,200.0,,0.0,200.0,198.96
172/22602,PROTECCIÓN Y MEJORA DEL MEDIO AMBIENTE/PÚBLICIDAD Y PROPAGANDA,172*/22*,,6500.0,,0.0,6500.0,428.0
172/22699,PRO.Y MEJ.MDIO AMBNTE/OTROS GASTOS DIVERSOS,172*/22*,,750.0,,0.0,750.0,929.46
172/22706,PROTECCIÓN Y MEJORA DEL MEDIO AMBIENTE/ESTUDIOS Y TRABAJOS TÉCNICOS,172*/22*,,8000.0,,0.0,8000.0,0.0
172/22799,PRO.Y MEJ.MDIO AMB/OT.TRBJOS REA.OT.EMPRESAS Y PRO,172*/22*,,8300.0,,19260.0,27560.0,0.0
172/60932,PROTECCIÓN Y MEJORA DEL MEDIO AMBIENTE/RED DE SENDEROS DE ADEJE,172*/60*,,16958.87,,-16958.87,0.0,0.0
172/62900,PROTECCIÓN Y MEJORA DEL MEDIO AMBIENTE/OTRAS INVERSIONES NUEVAS ASOC. AL FUNCNMNTO OPE. DE LOS SERVI,172*/62*,,0.0,,10000.0,10000.0,0.0
1722/13100,PLAYAS/ RETRIBUCIONES BÁSICAS,1*/1*,,44627.46,,0.0,44627.46,43073.21
1722/16000,PLAYAS/ SEGURIDAD SOCIAL,1*/1*,,14292.28,,0.0,14292.28,13101.22
1722/20800,PLAYAS/ARRENDAMIENTO DE OTRO INMOVILIZADO MATERIAL,172*/20*,,6000.0,,0.0,6000.0,5980.23
1722/22199,PLAYAS/OTROS SUMINISTROS.,172*/22*,,10000.0,,0.0,10000.0,1910.03
1722/22500,PLAYAS/ TRIBUTOS ESTATALES,172*/22*,,75300.0,,0.0,75300.0,70927.97
1722/22602,PLAYAS / PUBLICIDAD Y PROPAGANDA,172*/22*,,5000.0,,0.0,5000.0,7830.0
1722/22699,PLAYAS/ OTROS GASTOS DIVERSOS,172*/22*,,0.0,,0.0,0.0,1348.72
1722/22706,PLAYAS/ESTUDIO Y TRABAJOS TÉCNICOS.,172*/22*,,6000.0,,0.0,6000.0,1337.5
1722/22799,PLAYAS/OTROS TRABAJOS REALIZADOS POR OTRAS EMPRESA,172*/22*,,30000.0,,0.0,30000.0,37009.62
1722/60900,PLAYAS/ OTRAS INVERSIONES NUEVAS EN INFRAESTRUCTURAS Y BB DESTINADOS AL USO GENERAL,172*/60*,,20000.0,,0.0,20000.0,10000.0
1722/60951,PLAYAS/ ACONDICIONAMIENTO DE ZONAS DE BAÑO,172*/60*,,0.0,,20000.0,20000.0,15065.6
1722/62500,PLAYAS/ MOBILIARIO Y ENSERES,172*/62*,,3000.0,,0.0,3000.0,0.0
1722/62900,Playas/Otras inversiones nuevas asoc. func.de los servicios,172*/62*,,0.0,,2000.0,2000.0,0.0
1722/62924,PLAYAS/ MÓDULOS DE SALVAMENTO,172*/62*,,0.0,,1844.48,1844.48,0.0
231/12000,ASISTENCIA SOCIAL PRIMARIA/ SUELDOS DEL GRUPO A1,2*/1*,,15526.7,,155.27,15681.97,4579.13
231/12004,ASISTENCIA SOCIAL PRIMARIA/SUELDOS GRUPO C2,2*/1*,,6584.16,,62.92,6647.08,7156.34
231/12005,ASISTENCIA SOCIAL PRIMARIA/SUELDOS GRUPO E,2*/1*,,7678.58,,76.79,7755.37,8628.53
231/12006,ASISTENCIA SOCIAL PRIMARIA/TRIENIOS,2*/1*,,4819.04,,47.05,4866.09,5053.2
231/12100,ASISTENCIA SOCIAL PRIMARIA/COMPLEMENTO DE DESTINO,2*/1*,,15960.12,,158.33,16118.45,9075.87
231/12101,ASISTENCIA SOCIAL PRIMARIA/COMPLEMENTO ESPECIFICO,2*/1*,,34933.3,,346.85,35280.15,23529.98
231/12103,ASISTENCIA SOCIAL PRIMARIA/OTROS COMPLEMENTOS,2*/1*,,4444.64,,34.5,4479.14,2830.89
231/13100,ASISTENCIA SOCIAL PRIMARIA/RETRIBUCIONES BÁSICAS LAB.TEMP,2*/1*,,587059.47,,186082.23,773141.7,637428.83
231/15000,ASISTENCIA SOCIAL PRIMARIA/PRODUCTIVIDAD,2*/15*,,14457.63,,0.0,14457.63,8306.46
231/16000,ASISTENCIA SOCIAL PRIMARIA/SEGURIDAD SOCIAL,2*/1*,,202988.11,,478.28,203466.39,208112.89
231/16204,ASISTENCIA SOCIAL PRIMARIA/ ACCIÓN SOCIAL,2*/1*,,2163.6,,0.0,2163.6,2163.6
231/21200,ASISTENCIA SOCIAL PRIMARIA/REP. MANT.EDIF. Y OTRAS CONSTRUCC.,231*/21*,,4000.0,,0.0,4000.0,0.0
231/22000,ASISTENCIA SOCIAL PRIMARIA/MAT.OFICINA ORD.NO INVENTARIABLE,231*/22*,,500.0,,0.0,500.0,30.19
231/22002,ASISTENCIA SOCIAL PRIMARIA/MATERIAL INFORMÁTICO NO INVENTARIABLE,231*/22*,,300.0,,0.0,300.0,0.0
231/22100,ASISTENCIA SOCIAL PRIMARIA/ENERGÍA ELÉCTRICA,231*/22*,,4000.0,,0.0,4000.0,134.46
231/22199,ASISTENCIA SOCIAL PRIMARIA/OTROS SUMINISTROS,231*/22*,,6500.0,,-5210.73,1289.27,980.95
231/22200,ASISTENCIA SOCIAL PRIMARIA/SERVICIOS DE TELECOMUNICACIONES,231*/22*,,1000.0,,0.0,1000.0,2933.03
231/22300,ASISTENCIA SOCIAL PRIMARIA/TRANSPORTE,231*/22*,,2000.0,,0.0,2000.0,1442.0
231/22699,ASISTENCIA SOCIAL PRIMARIA/OTROS GASTOS DIVERSOS,231*/22*,,0.0,,0.0,0.0,807.85
231/22799,ASISTENCIA SOCIAL PRIMARIA/OT.TRBJOS.REALIZ.OT.EMPRESAS Y PROFE,231*/22*,,9000.0,,0.0,9000.0,653.84
231/48000,ASISTENCIA SOCIAL PRIMARIA/ATENCIONES BENEFICAS Y ASISTENCIALES,231*/48*,,230000.0,,893153.45,1123153.45,786246.98
231/48900,ASISTENCIA SOCIAL PRIMARIA/OTRAS TRANSFERENCIAS,231*/48*,,58500.0,,-3200.0,55300.0,54503.6
231/62909,Asistencia social primaria/Instalación de aire acondicionado,231*/62*,,0.0,,15000.0,15000.0,14914.16
231/62923,ASISTENCIA SOCIAL PRIMARIA/ SILLA SUBE ESCALERA,231*/62*,,0.0,,1148.7,1148.7,0.0
2311/12000,ASISTENCIA A PERSONAS DEPENDIENTES/SUELDOS  GRUPO A1,2*/1*,,7763.35,,0.0,7763.35,2602.57
2311/12100,ASISTENCIA A PERSONAS DEPENDIENTES/ COMPLEMENTO DE DESTINO,2*/1*,,4080.44,,0.0,4080.44,1413.0
2311/12101,ASISTENCIA A PERSONAS DEPENDIENTES/ COMPLEMENTO ESPECÍFICO,2*/1*,,7902.72,,0.0,7902.72,2736.6
2311/12103,ASISTENCIA A PERSONAS DEPENDIENTES/ OTROS COMPLEMENTOS,2*/1*,,1136.06,,0.0,1136.06,393.4
2311/13100,ASISTENCIA A PERSONAS DEPENDIENTES/  RETRIBUCIONES BÁSICAS,2*/1*,,862355.94,,-110673.49,751682.45,749881.88
2311/15000,ASISTENCIA A PERSONAS DEPENDIENTES/ PRODUCTIVIDAD,2*/15*,,3360.56,,0.0,3360.56,104.52
2311/16000,ASISTENCIA A PERSONAS DEPENDIENTES/  SEGURIDAD SOCIAL,2*/1*,,268575.49,,-22674.21,245901.28,198571.38
2311/20400,Asistencia a personas dependientes/Arrendamiento material de transporte,2311*/20*,,0.0,,486.85,486.85,486.85
2311/21200,ASISTENCIA A PERSONAS DEPENDIENTES/  EDIFICIOS Y OTRAS CONSTRUCCIONES,2311*/21*,,20000.0,,0.0,20000.0,15958.02
2311/21500,ASISTENCIA A PERSONAS DEPENDIENTES/ REP.MNTNMTO Y CONSERV. MOBILIARIO Y ENSERES,2311*/21*,,1000.0,,2500.0,3500.0,1892.7
2311/22102,ASISTENCIA A PERSONAS DEPENDIENTES/  GAS,2311*/22*,,21600.0,,0.0,21600.0,18682.27
2311/22104,ASISTENCIA A PERSONAS DEPENDIENTES/  VESTUARIOS,2311*/22*,,1150.0,,0.0,1150.0,879.19
2311/22106,ASISTENCIA A PERSONAL DEPENDIENTES/PRODUCTOS FARMACEUTICOS Y MATERIAL SANITARIO,2311*/22*,,1400.0,,0.0,1400.0,635.95
2311/22199,ASISTENCIA A PERSONAS DEPENDIENTES/  OTROS SUMINISTROS,2311*/22*,,6800.0,,0.0,6800.0,6554.04
2311/22300,ASISTENCIA A PERSONAS DEPENDIENTES/  TRANSPORTE,2311*/22*,,5500.0,,-486.85,5013.15,6028.6
2311/22602,ASISTENCIA A PERSONAS DEPENDIENTES/ PUBLICIDAD Y PROPAGANDA,2311*/22*,,1500.0,,-242.9,1257.1,0.0
2311/22699,ASISTENCIA A PERSONAS DEPENDIENTES/  OTROS GASTOS DIVERSOS,2311*/22*,,7000.0,,0.0,7000.0,9095.47
2311/22706,ASISTENCIA A PERSONAS DEPENDIENTES/ ESTUDIOS Y TRABAJOS TÉCNICOS,2311*/22*,,7000.0,,0.0,7000.0,6297.65
2311/22799,ASISTENCIA A PERSONAS DEPENDIENTES/OT.TRABAJOS  REALIZ. POR OTRAS EMP.,2311*/22*,,279500.64,,97971.79,377472.43,258191.58
2311/23020,ASISTENCIA A PERSONAS DEPENDIENTES/ DIETAS DEL PERSONAL NO DIRECTIVO,2311*/23*,,0.0,,130.9,130.9,0.0
2311/23120,ASISTENCIA A PERSONAS DEPENDIENTES/ LOCOMOCIÓN DEL PERSONAL NO DIRECTIVO,2311*/23*,,0.0,,112.0,112.0,0.0
2311/62226,Asistencia a personas dependientes/Reformas y mejoras en el centro de atención a la discapacidad,2311*/62*,,0.0,,116000.0,116000.0,0.0
2311/62400,ASISTENCIA A PERSONAS DEPENDIENTES/ ELEMENTOS DE TRANSPORTE,2311*/62*,,2500.0,,12000.0,14500.0,2578.81
2311/62500,ASISTENCIA A PERSONAS DEPENDIENTES/MOBILIARIO Y ENSERES,2311*/62*,,7250.0,,-2500.0,4750.0,2484.0
2311/62516,ASISTENCIA A PERSONAS DEPENDIENTES/ LICORNIO,2311*/62*,,0.0,,355.0,355.0,0.0
2311/62524,ASISTENCIA A PERSONAS DEPENDIENTES/ MATERIAL PARA FISIOTERAPIA,2311*/62*,,0.0,,76.56,76.56,426.64
2312/13100,PROMOCIÓN DE LA IGUALDAD DE GÉNERO/ RETRIBUCIONES BÁSICAS,2*/1*,,45804.72,,0.0,45804.72,0.0
2312/16000,PROMOCIÓN DE LA IGUALDAD DE GÉNERO/ SEGURIDAD SOCIAL,2*/1*,,13371.05,,0.0,13371.05,0.0
2312/20500,PROMOCIÓN DE LA IGUALDAD DE GÉNERO/ ARRENDAMIENTO DE MOBILIARIO Y ENSERES,2312*/20*,,1800.0,,-1000.0,800.0,0.0
2312/20800,PROMOCIÓN DE LA IGUALDAD DE GÉNERO/ ARRENDAMIENTO DE OTRO INMOVILIZADO MATERIAL,2312*/20*,,400.0,,0.0,400.0,642.0
2312/22105,PROMOCIÓN DE LA IGUALDAD DE GÉNERO/ PRODUCTOS ALIMENTICIOS,2312*/22*,,0.0,,0.0,0.0,325.33
2312/22199,PROMOCIÓN DE LA IGUALDAD DE GÉNERO/ OTROS SUMINISTROS,2312*/22*,,2650.0,,0.0,2650.0,852.96
2312/22300,PROMOCIÓN DE LA IGUALDAD DE GÉNERO/ TRANSPORTE,2312*/22*,,2300.0,,0.0,2300.0,1804.2
2312/22602,PROMOCIÓN DE LA IGUALDAD DE GÉNERO/ PUBLICIDAD Y PROPAGANDA,2312*/22*,,5000.0,,0.0,5000.0,2007.92
2312/22609,PROMOCIÓN DE LA IGUALDAD DE GÉNERO/ ACTIVIDADES CULTURALES Y DEPORTIVAS,2312*/22*,,800.0,,0.0,800.0,2741.63
2312/22699,PROMOCIÓN DE LA IGUALDAD DE GÉNERO/ OTROS GASTOS DIVERSOS,2312*/22*,,1930.0,,1000.0,2930.0,5820.29
2312/22706,PROMOCIÓN DE LA IGUALDAD DE GÉNERO/ ESTUDIOS Y TRABAJOS TÉCNICOS,2312*/22*,,13200.0,,0.0,13200.0,9770.3
2312/48900,PROMOCIÓN DE LA IGUALDAD DE GÉNERO/ OTRAS TRANSFERENCIAS,2312*/48*,,1220.0,,0.0,1220.0,720.0
2312/62909,PROMOCIÓN DE LA IGUALDAD DE GÉNERO/ INSTALACIÓN AIRE ACONDICIONADO,2312*/62*,,15000.0,,0.0,15000.0,9205.09
2313/21500,RESIDENCIA DE MAYORES JOSÉ ALMEIDA/ REP. MNTNMTO Y CONSER. DE MOBILIARIO Y ENSERES,2313*/21*,,9900.0,,-6268.88,3631.12,1751.04
2313/22102,RESIDENCIA DE MAYORES/GAS,2313*/22*,,18000.0,,0.0,18000.0,11988.88
2313/22106,RESIDENCIA DE MAYORES/PRODUCTOS FARMACEUTICOS,2313*/22*,,2000.0,,0.0,2000.0,703.41
2313/22199,RESIDENCIA DE MAYORES/OTROS SUMINISTROS,2313*/22*,,10000.0,,0.0,10000.0,912.6
2313/22699,RESIDENCIA DE MAYORES/OTROS GASTOS DIVERSOS,2313*/22*,,3100.0,,0.0,3100.0,3015.58
2313/22799,RESIDENCIA DE MAYORES/OT.TRABAJOS REALZ. OT. EMP.,2313*/22*,,474188.13,,16473.05,490661.18,500220.25
2313/62200,Residencia de mayores José Almeida/Edificio y otras construcciones,2313*/62*,,0.0,,11000.0,11000.0,0.0
2314/13100,HOGAR DE MENORES/ RETRIBUCIONES BÁSICAS,2*/1*,,86437.23,,1024.88,87462.11,82832.03
2314/16000,HOGAR DE MENORES/ SEGURIDAD SOCIAL,2*/1*,,26804.01,,0.0,26804.01,27523.32
2314/20400,Hogar de Menores/Arrendamiento de material de Transporte,2314*/20*,,0.0,,299.6,299.6,299.6
2314/22000,HOGAR DE MENORES/ MATERIAL DE OFICINA ORDINARIO NO INVENTARIABLE,2314*/22*,,2000.0,,0.0,2000.0,155.9
2314/22105,HOGAR DE MENORES/ PRODUCTOS ALIMENTICIOS,2314*/22*,,16700.0,,-299.6,16400.4,12289.0
2314/22106,HOGAR DE MENORES/ PRODUCTOS FARMACÉUTICOS Y MATERIAL SANITARIO,2314*/22*,,500.0,,0.0,500.0,599.37
2314/22199,HOGAR DE MENORES/ OTROS SUMINISTROS,2314*/22*,,11800.0,,-265.0,11535.0,12087.23
2314/22699,HOGAR DE MENORES/ OTROS GASTOS DIVERSOS,2314*/22*,,2000.0,,363.27,2363.27,2789.94
2314/22799,HOGAR DE MENORES/ OTROS TRABAJOS REALIZADOS POR OTRAS EMPRESAS Y PROFESIONALES,2314*/22*,,72000.0,,20274.43,92274.43,93857.16
2314/48900,HOGAR DE MENORES/ OTRAS TRANSFERENCIAS,2314*/48*,,4000.0,,9000.0,13000.0,3979.0
2314/62400,Hogar de Menores/Elementos de Transporte,2314*/62*,,0.0,,23200.0,23200.0,0.0
2314/62500,HOGAR DE MENORES/ MOBILIARIO Y ENSERES,2314*/62*,,2000.0,,265.0,2265.0,2160.56
2314/62501,HOGAR DE MENORES/ EQUIPOS DE OFICINA,2314*/62*,,0.0,,0.0,0.0,103.24
2315/13100,CENTRO DE DÍA/ RETRIBUCIONES BÁSICAS,2*/1*,,48296.44,,0.0,48296.44,66822.72
2315/16000,CENTRO DE DÍA/ SEGURIDAD SOCIAL,2*/1*,,15522.05,,0.0,15522.05,20723.91
2315/22105,CENTRO DE DÍA/ PRODUCTOS ALIMENTICIOS,2315*/22*,,1700.0,,0.0,1700.0,1280.25
2315/22199,CENTRO DE DÍA/ OTROS SUMINISTROS,2315*/22*,,4000.0,,0.0,4000.0,1005.61
2315/22300,CENTRO DE DÍA/ TRANSPORTE,2315*/22*,,10000.0,,0.0,10000.0,11351.45
2315/22699,CENTRO DE DÍA/ OTROS GASTOS DIVERSOS,2315*/22*,,3000.0,,0.0,3000.0,509.0
2315/22799,CENTRO DE DÍA/ OTROS TRABAJOS REALIZADOS POR OTRAS EMPRESAS Y PROFESIONALES,2315*/22*,,3000.0,,0.0,3000.0,267.5
2315/23020,CENTRO DE DÍA/ DIETAS DEL PERSONAL NO DIRECTIVO,2315*/23*,,0.0,,98.73,98.73,0.0
2315/23120,CENTRO DE DÍA/ LOCOMOCIÓN DEL PERSONAL NO DIRECTIVO,2315*/23*,,0.0,,112.0,112.0,0.0
241/13100,FOMENTO DEL EMPLEO/ RETRIBUCIONES BASICAS LAB.TEMP,2*/1*,,419917.11,,1067037.21,1486954.32,1017519.04
241/16000,FOMENTO DEL EMPLEO/ SEGURIDAD SOCIAL,2*/1*,,153893.55,,279803.91,433697.46,281255.77
241/16205,FOMENTO DEL EMPLEO/SEGUROS,2*/1*,,0.0,,1950.0,1950.0,885.76
241/20800,FOMENTO EMPLEO/ARRNDAMNTO DE OTRO INMOV.MATERIAL,241*/20*,,13000.0,,-8076.85,4923.15,3948.56
241/22000,FOMENTO EMPLEO/MAT. OFICINA ORD NO INVENTARIABLE,241*/22*,,1000.0,,43115.46,44115.46,29597.75
241/22002,FOMENTO EMPLEO/MATERIAL INFORMÁTICO NO INVTRIABLE,241*/22*,,0.0,,5300.0,5300.0,1010.57
241/22102,FOMENTO DEL EMPLEO/ GAS,241*/22*,,0.0,,2600.0,2600.0,1423.67
241/22103,FOMENTO DEL EMPLEO/ COMBUSTIBLES Y CARBURANTES,241*/22*,,5801.46,,-5000.0,801.46,553.58
241/22104,FOMENTO DEL EMPLEO/ VESTUARIO.,241*/22*,,7500.0,,30750.0,38250.0,26833.22
241/22105,FOMENTO DEL EMPLEO/PRODUCTOS ALIMENTICIOS,241*/22*,,500.0,,93408.3,93908.3,57757.1
241/22106,FOMENTO DEL EMPLEO/ PRODUCTOS FARMACÉUTICOS Y MATERIAL SANITARIO,241*/22*,,0.0,,300.0,300.0,0.0
241/22110,FOMENTO DEL EMPLEO/PRODUCTOS DE LIMPIEZA Y ASEO,241*/22*,,500.0,,14200.0,14700.0,5240.91
241/22199,FOMENTO DE EMPLEO/OTROS SUMINISTROS,241*/22*,,67774.3,,92850.02,160624.32,78247.57
241/22300,FOMENTO DEL EMPLEO/TRANSPORTE,241*/22*,,500.0,,7050.0,7550.0,4579.6
241/22602,FOMENTO DEL EMPLEO/ PUBLICIDAD Y PROPAGANDA,241*/22*,,0.0,,0.0,0.0,92.02
241/22699,FOMENTO DEL EMPLEO/OTROS GASTOS DIVERSOS,241*/22*,,2000.0,,-2000.0,0.0,0.0
241/22706,FOMENTO DEL EMPLEO/ ESTUDIOS Y TRABAJOS TÉCNICOS.,241*/22*,,20000.0,,-3642.1,16357.9,15019.79
241/22799,FOMENTO EMPLEO/OT.TRABJOS REALZ.OT.EMPRESAS Y PROF,241*/22*,,251133.26,,771777.73,1022910.99,645089.68
241/23020,FOMENTO DEL EMPLEO/ DIETAS DEL PERSONAL NO DIRECTIVO,241*/23*,,0.0,,0.0,0.0,0.0
241/48100,"FOMENTO DEL EMPLEO/PREMIOS,BECAS Y PENSIONES",241*/48*,,0.0,,4300.0,4300.0,1500.0
241/62320,FOMENTO DEL EMPLEO/ UTILLAJES,241*/62*,,9669.1,,0.0,9669.1,9392.48
241/62500,FOMENTO DEL EMPLEO/ MOBILIARIO Y ENSERES,241*/62*,,15000.0,,0.0,15000.0,11959.93
241/62918,FOMENTO DEL EMPLEO/ MENAJE CURSO SERVICIOS BAR Y CAFETERÍA,241*/62*,,0.0,,2500.0,2500.0,2328.65
241/62933,FOMENTO DEL EMPLEO/ MENAJE CURSO PASTELERÍA,241*/62*,,0.0,,1000.0,1000.0,694.08
241/62934,FOMENTO DEL EMPLEO/ MENAJE CURSO PANADERÍA Y BOLLERÍA,241*/62*,,0.0,,2500.0,2500.0,0.0
241/62935,FOMENTO DEL EMPLEO/ MENAJE CURSO REPOSTERÍA,241*/62*,,0.0,,2500.0,2500.0,2500.0
241/62936,FOMENTO DEL EMPLEO/ MENAJE CURSO RESTAURANTE Y BAR,241*/62*,,0.0,,1000.0,1000.0,1000.0
241/62937,FOMENTO DEL EMPLEO/ MENAJE CURSO COCINA,241*/62*,,0.0,,6000.0,6000.0,8130.61
241/62940,FOMENTO DEL EMPLEO/ MENAJE CURSO SUMILLERÍA,241*/62*,,0.0,,4000.0,4000.0,3773.4
241/62941,FOMENTO DEL EMPLEO/ MENAJE CURSO RESTAURANTE,241*/62*,,0.0,,4000.0,4000.0,2073.24
311/12000,PROTECCIÓN DE LA SALUBRIDAD PÚBLICA/ SUELDOS GRUPO A1,3*/1*,,12938.92,,-5397.93,7540.99,0.0
311/12100,PROTECCIÓN DE LA SALUBRIDAD PÚBLICA/ COMPLEMENTO DE DESTINO,3*/1*,,6800.73,,-2679.48,4121.25,0.0
311/12101,PROTECCIÓN DE LA SALUBRIDAD PÚBLICA/ COMPLEMENTO ESPECÍFICO,3*/1*,,13876.8,,-5467.46,8409.34,0.0
311/12103,PROTECCIÓN DE LA SALUBRIDAD PÚBLICA/ OTROS COMPLEMENTOS,3*/1*,,1893.43,,-757.37,1136.06,0.0
311/13100,PROTECCIÓN DE LA SALUBRIDAD PÚBLICA/RETRIBUCIONES BASICAS,3*/1*,,121360.07,,0.0,121360.07,127066.65
311/15000,PROTECCIÓN DE LA SALUBRIDAD PÚBLICA/ PRODUCTIVIDAD,3*/15*,,5600.93,,-2240.37,3360.56,0.0
311/16000,PROTECCIÓN DE LA SALUBRIDAD PÚBLICA/SEGURIDAD SOCIAL,3*/1*,,47770.89,,-4361.84,43409.05,38606.77
311/20800,PROTECCIÓN DE LA SALUBRIDAD PÚBLICA/ ARRENDAMIENTO DE OTRO INMOVILIZADO MATERIAL,311*/20*,,612.04,,2000.0,2612.04,1649.94
311/22106,PROTECCIÓN DE LA SALUBRIDAD PÚBLICA/ PRODUCTOS FARMACÉUTICOS Y MATERIAL SANITARIO,311*/22*,,2100.0,,0.0,2100.0,448.48
311/22113,PROTECCIÓN DE LA SALUBRIDAD PÚBLICA/MANUTECIONES DE ANIMALES,311*/22*,,8000.0,,0.0,8000.0,0.0
311/22199,PROTECCIÓN DE LA SALUBRIDAD PÚBLICA/OTROS SUMINISTROS,311*/22*,,14852.0,,0.0,14852.0,18482.59
311/22602,PROTECCIÓN A LA SALUBRIDAD PÚBLICA/ PUBLICIDAD Y PROPAGANDA,311*/22*,,6829.0,,0.0,6829.0,3895.22
311/22609,PROTECCIÓN DE LA SALUBRIDAD PÚBLICA/ ACTIVIDADES CULTURALES Y DEPORTIVAS,311*/22*,,148.66,,0.0,148.66,0.0
311/22699,PROTECCIÓN DE LA SALUBRIDAD PÚBLICA/ OTROS GASTOS DIVERSOS,311*/22*,,0.0,,0.0,0.0,478.35
311/22706,PROTECCIÓN DE LA SALUBRIDAD PÚBLICA/.ESTUDIOS.Y TRAB.TEC.,311*/22*,,92293.6,,-2000.0,90293.6,59194.55
311/22799,PROTECCIÓN DE LA SALUBRIDAD PÚBLICA/OT.TRAB.RLZ.OT.EMP.Y PROFESION,311*/22*,,115997.07,,3000.0,118997.07,101706.77
311/62200,PROTECCIÓN DE LA SALUBRIDAD PÚBLICA/ EDIFICIOS Y OTRAS CONSTRUCCIONES,311*/62*,,130000.0,,-129918.9,81.1,0.0
311/62911,Protección de la salubridad pública/Inst.circuito cerrado tv.centro acog.animales,311*/62*,,0.0,,2000.0,2000.0,0.0
320/13100,ADMT.GRAL.EDUCACIÓN/RETRIBUCIONES BÁSICAS LAB.TEMP,3*/1*,,347973.55,,-6920.44,341053.11,349172.95
320/16000,ADMT.GRAL EDUCACIÓN/ SEGURIDAD SOCIAL,3*/1*,,109791.7,,0.0,109791.7,98826.45
323/13100,FUNC. DE CENTROS DOCENTES DE EDUC.PREES. Y PRIM.Y EDUC.ESPECIAL/ RETRIBUCIONES BASICAS LAB.TEM,3*/1*,,206889.47,,-25726.36,181163.11,174584.33
323/16000,FUNC. DE CENTROS DOCENTES DE EDUC.PREES. Y PRIM.Y EDUCACIÓN ESPECIAL/SEGURIDAD SOCIAL,3*/1*,,66947.13,,-7445.28,59501.85,55489.94
323/21200,FUNC. DE CENTROS DOCENTES DE EDUC.PREESCOLAR Y PRIMY EDUC.ESPECIAL/EDIF.Y OTRAS CONSTRUCCIONES,323*/21*,,80000.0,,36000.0,116000.0,97028.5
323/21300,FUNC. DE CENTROS DOCENTES DE EDUC.PREES. Y PRIM.Y EDUC.ESPECIAL/REP.MANT.MAQ.INSTALAC.Y UTILLA,323*/21*,,1000.0,,0.0,1000.0,0.0
323/21500,FUNCNMNTO CTROS DCENTES ENSEÑNZA INFANTIL Y PRIMARIA Y ED.ESP/ REP.MANT. Y CON. MOBILIARIO Y ENSERES,323*/21*,,0.0,,0.0,0.0,167.66
323/22100,FUNC.DE CENTROS DOCENTES DE PREESCOLAR Y PRIM. Y EDUC. ESPECIAL /ENERGIA ELECTRICA,323*/22*,,60000.0,,0.0,60000.0,43287.31
323/22104,FUNC.CENTROS DOCENTES PREES.Y PRIM. Y EDUC.ESPECIAL/VESTUARIO,323*/22*,,4000.0,,0.0,4000.0,2344.47
323/22105,FUNC.CENTRO DE EDUC.PRESC. Y PRIMARIAY EDUC. ESPECIAL/PRODUCTOS ALIMENTICIOS,323*/22*,,500.0,,0.0,500.0,250.58
323/22199,FUNC.CENTROS DE EDUC.PREES. Y PRIM.Y EDUC. ESPECIAL/OTROS SUMINISTROS,323*/22*,,4500.0,,0.0,4500.0,6019.44
323/22300,FUNC.CENTROS DE EDUC.PREEDCOLAR Y PRIM.Y EDUC. ESPECIAL/TRANSPORTES,323*/22*,,12000.0,,-416.26,11583.74,9211.73
323/22699,FUNC.CENTROS DE EDUC.PREESC.Y PRIM.Y EDUC.ESPECIAL/OTROS GASTOS DIVERSOS,323*/22*,,6500.0,,0.0,6500.0,5968.03
323/22799,FUNC.CENTROS DE EDU.PREES.Y PRIM.Y EDUC.ESPECIAL/OT.TRBJS.REAL.OT.EMPRESAS Y PROF,323*/22*,,140560.95,,34849.67,175410.62,159500.52
323/62229,"FUNCNMNTO CTROS DOCENTES ENSÑ INFANTIL Y PRIMARIA Y EDU. ESP/ ESCUELA INFANTIL ""EL DUENDECILLO AZUL""",323*/62*,,0.0,,4241.8,4241.8,4241.8
323/62948,Funcioamiento de centros docentes de enseñanza Inf. y Prim. Educ. espec.(Menaje Guarderá Municipal),323*/62*,,0.0,,416.26,416.26,416.26
3231/21500,FUNCIONAMIENTO DE LA ESCUELA DE SEGURIDAD/ REP.MNTNMTO Y CONSERV.MOBILIARIO Y ENSERES,3231*/21*,,2000.0,,-2000.0,0.0,0.0
3231/22001,"FUNCIONAMIENTO ESCUELA DE SEGURIDAD/PRENSA,REVISTAS,LIBROS Y OT.PUBLICAC",3231*/22*,,1000.0,,0.0,1000.0,0.0
3231/22199,FUNCIONAMIENTO ESCUELA DE SEGURIDAD/OTROS SUMINISTROS,3231*/22*,,3000.0,,0.0,3000.0,3702.83
3231/22300,FUNCIONAMIENTO DE LA ESCUELA DE SEGURIDAD/ TRANSPORTE,3231*/22*,,500.0,,0.0,500.0,0.0
3231/22601,FUNCIONAMIENTO DE LA ESCUELA DE SEGURIDAD/ ATENCIONES PROTOCOLARIAS Y REPRESENTATIVAS,3231*/22*,,1000.0,,0.0,1000.0,590.73
3231/22602,FUNCIONAMIENTO DE LA ESCUELA DE SEGURIDAD/ PUBLICIDAD Y PROPAGANDA,3231*/22*,,1500.0,,2000.0,3500.0,0.0
3231/22699,FUNCIONAMIENTO ESCUELA DE SEGURIDAD/OTROS GASTOS DIVERSOS,3231*/22*,,15000.0,,-15000.0,0.0,1076.5
3231/22706,FUNCIONAMIENTO DE LA ESCUELA DE SEGURIDAD/ ESTUDIOS Y TRABAJOS TÉCNICOS.,3231*/22*,,5000.0,,-5000.0,0.0,0.0
3231/22799,FUNCIONAMIENTO ESCUELA DE SEGURIDAD/OT. TRBJOS.REALIZ.OT.EMPRESAS Y PROF,3231*/22*,,35787.25,,0.0,35787.25,36393.65
3231/48900,FUNCIONAMIENTO DE LA ESCUELA DE SEGURIDAD/ OTRAS TRANSFERENCIAS,3231*/48*,,0.0,,15000.0,15000.0,15000.0
3231/62500,FUNCIONAMIENTO DE LA ESCUELA DE SEGURIDAD/ MOBILIARIO Y ENSERES,3231*/62*,,0.0,,2000.0,2000.0,423.45
3231/62600,FUNCIONAMIENTO DE LA ESCUELA DE SEGURIDAD/ EQUIPOS PARA PROCESOS DE INFORMACIÓN,3231*/62*,,0.0,,3000.0,3000.0,3774.0
3232/22001,"FUNC. DE CENTROS DOCENTES UNIVERSITARIO EN ADEJE/PRENSA,REVISTAS, LIBROS Y OT.PÚBLICACIONES",3232*/22*,,4500.0,,0.0,4500.0,3692.15
3232/22300,FUNCIONAMIENTO CNTRO DCNTE UNIVERSITARIO DE ADEJE/ TRANSPORTE,3232*/22*,,15000.0,,-9000.0,6000.0,4068.6
3232/22699,FUNC. DE CENTROS DOCENTES UNIVERSITARIO EN ADEJE/OTROS GASTOS DIVERSOS,3232*/22*,,6000.0,,0.0,6000.0,1633.36
3232/62500,FUNC. DE CENTROS DOCENTES UNIVERSITARIO EN ADEJE/MOBILIARIO Y ENSERES,3232*/62*,,21100.0,,0.0,21100.0,23204.82
3232/62505,FUNC. DE CENTROS DOCENTES UNIVERSITARIO EN ADEJE/ELEMENTOS ACCS.SIST.VIDEO AULAS ULL,3232*/62*,,26800.0,,-15000.0,11800.0,11813.74
3232/62534,FUNCNMNTO CTRO DOCENTE UNIV.ADEJE/ CERRAMIENTO PARA ZONA INFORMACIÓN EN CTRO CULTURAL,3232*/62*,,0.0,,3101.93,3101.93,3101.93
3232/62600,FUNCIONAMNTO CTRO DOCENTE UNIV.EN ADEJE/ EQUIPOS PARA PROCESOS DE INFORMACIÓN,3232*/62*,,6000.0,,9000.0,15000.0,10879.21
3232/62601,FUNC. DE CENTROS DOCENTES UNIVERSITARIO EN ADEJE/POLICÓN GRADO DE TURISMO,3232*/62*,,9000.0,,-9000.0,0.0,0.0
326/22300,SERVICIOS COMPLEMENTARIOS DE EDUCACIÓN/TRANSPORTES,326*/22*,,7000.0,,0.0,7000.0,6842.13
326/48100,"SERVICIOS COMPLEMENTARIOS DE EDUCACIÓN/PREMIO,BECAS Y PENSIONES D ESTUDIO",326*/48*,,72000.0,,0.0,72000.0,400.0
326/48900,SERVICIOS COMPLEMENTARIOS DE EDUCACIÓN/OTRAS TRANSFERENCIAS,326*/48*,,129000.0,,-1100.0,127900.0,110963.64
327/22199,FOMENTO DE LA CONVIVENCIA CIUDADANA/SUMINISTROS,327*/22*,,15000.0,,0.0,15000.0,30029.65
327/22300,FOMENTO DE LA CONVIVENCIA CIUDADANA/TRANSPORTE,327*/22*,,3000.0,,0.0,3000.0,0.0
327/22602,FOMENTO DE LA CONVIVENCIA CIUDADANA/PUBLICIDAD Y PROPAGANDA,327*/22*,,5000.0,,0.0,5000.0,659.44
327/22699,FOMENTO DE LA CONVIVENCIA CIUDADANA/OTROS GASTOS DIVERSOS,327*/22*,,6000.0,,0.0,6000.0,3032.27
327/22799,FOMENTO DE LA CONVIVENCIA CIUDADANA/OT.RAB.REALIZ.OT.EMPRESAS,327*/22*,,70000.0,,-15000.0,55000.0,43962.93
327/48900,FOMENTO DE LA CONVIVENCIA CIUDADANA/ OTRAS TRANSFERENCIAS,327*/48*,,1000.0,,0.0,1000.0,0.0
327/62500,FOMENTO DE LA CONVIVENCIA CIUDADANA/ MOBILIARIO Y ENSERES,327*/62*,,0.0,,5000.0,5000.0,4979.5
3321/13100,BIBLIOTECAS PÚBLICAS/ RETRIBUC. PERS.LAB. FIJO,3*/1*,,67132.04,,0.0,67132.04,67675.11
3321/16000,BIBLIOTECAS PÚBLICAS/ SEGURIDAD SOCIAL,3*/1*,,20664.65,,0.0,20664.65,20245.53
3321/22001,"BIBLIOTECAS PÚBLICAS/ PRENSA,REVISTAS,LIBROS Y OTRAS PUBLICACIONES",332*/22*,,4000.0,,0.0,4000.0,5966.87
3321/22199,BIBLIOTECAS PÚBLICAS/ OTROS SUMINISTROS,332*/22*,,1000.0,,0.0,1000.0,86.01
3321/22602,BIBLIOTECAS PÚBLICAS/ PUBLICIDAD Y PROPAGANDA,332*/22*,,600.0,,0.0,600.0,0.0
3321/22699,BIBLIOTECAS PÚBLICAS/ OTROS GASTOS DIVERSOS,332*/22*,,1000.0,,0.0,1000.0,1799.9
3321/22799,BIBLIOTECAS PÚBLICAS/ OTROS TRABAJOS REALIZADOS POR OTRAS EMPRESAS Y PROFESIONALES,332*/22*,,40900.0,,-40900.0,0.0,291.04
3322/12000,ARCHIVOS/SUELDOS DEL GRUPO A1,3*/1*,,15526.7,,155.27,15681.97,16198.15
3322/12006,ARCHIVOS/TRIENIOS,3*/1*,,3749.2,,37.49,3786.69,3753.72
3322/12100,ARCHIVOS/COMPLEMENTO DE DESTINO,3*/1*,,8160.88,,81.61,8242.49,8242.5
3322/12101,ARCHIVOS/COMPLEMENTO ESPECIFICO,3*/1*,,16177.7,,161.78,16339.48,16339.54
3322/12103,ARCHIVOS/OTROS COMPLEMENTOS,3*/1*,,2272.12,,22.72,2294.84,2294.88
3322/13100,ARCHIVOS/ RETRIBUCIONES BÁSICAS,3*/1*,,23843.18,,0.0,23843.18,23225.72
3322/15000,ARCHIVOS/PRODUCTIVIDAD,3*/15*,,6721.11,,0.0,6721.11,5554.5
3322/16000,ARCHIVOS/SEGURIDAD SOCIAL,3*/1*,,20652.04,,132.63,20784.67,20492.53
3322/22199,ARCHIVOS/ OTROS SUMINISTROS,332*/22*,,2000.0,,-448.11,1551.89,0.0
3322/62910,Archivos/Sistema de protección contra incendiós,332*/62*,,0.0,,65448.11,65448.11,51238.03
334/12000,PROMOCIÓN CULTURAL/ SUELDOS GRUPO A1,3*/1*,,6469.46,,0.0,6469.46,0.0
334/12100,PROMOCIÓN CULTURAL/ COMPLEMENTO DE DESTINO,3*/1*,,3400.37,,0.0,3400.37,0.0
334/12101,PROMOCIÓN CULTURAL/ COMPLEMENTO ESPECÍFICO,3*/1*,,6938.4,,0.0,6938.4,0.0
334/12103,PROMOCIÓN CULTURAL/ OTROS COMPLEMENTOS,3*/1*,,946.72,,0.0,946.72,0.0
334/13000,PROM. CULTURAL./RETRIBUCIONES BÁSICAS,3*/1*,,89539.92,,0.0,89539.92,78621.66
334/13002,PROM. CULTURAL/OTRAS RETRIBUCIONES,3*/1*,,17209.43,,0.0,17209.43,17209.44
334/13100,PROM. CULTURAL/RETRIBUCIONES BÁSICAS LAB.TEMP,3*/1*,,783375.24,,-20555.47,762819.77,767506.23
334/15000,PROMOCIÓN CULTURAL/ PRODUCTIVIDAD,3*/15*,,2800.46,,0.0,2800.46,0.0
334/16000,PROM. CULTURAL/SEGURIDAD SOCIAL,3*/1*,,283256.61,,-5964.93,277291.68,254804.48
334/20500,PROMOCIÓN CULTURAL/ARRENDAMIENTOS DE MOBILIARIO Y ENSERES,334*/20*,,5000.0,,21800.0,26800.0,15172.4
334/20800,PROMOCION CULTURA/ARENDAMIENTO DE OTRO INMV. MATERIAL,334*/20*,,6350.0,,7093.4,13443.4,22266.15
334/21500,PROMOCION CULTURAL/MOBILIARIO Y ENSERES,334*/21*,,2000.0,,-400.0,1600.0,1522.8
334/22001,"PROMOCIÓN CULTURAL/ PRENSA, REVISTAS, LIBROS Y OTRAS PUBLICACIONES",334*/22*,,2050.0,,0.0,2050.0,0.0
334/22104,PROM. Y DIF. DE LA CULTURA/VESTUARIO,334*/22*,,2000.0,,0.0,2000.0,2040.45
334/22199,PROM. CULTURAL/OTROS SUMINISTROS.,334*/22*,,24100.0,,0.0,24100.0,40135.13
334/22300,PROM. CULTURAL/ TRANSPORTE,334*/22*,,6500.0,,0.0,6500.0,9488.95
334/22601,PROM.CULTURALATENCIONES PROTOCOLARIAS Y REPRESENTATIVAS,334*/22*,,1000.0,,0.0,1000.0,0.0
334/22602,PROM. CULTURAL/PUBLICIDAD Y PROPAGANDA,334*/22*,,17000.0,,0.0,17000.0,30743.99
334/22609,PROM.CULTURAL/ACTIVIDADES CULTURALES,334*/22*,,57500.0,,30900.0,88400.0,74159.1
334/22699,PROMOCION CULTURAL/OT.GASTOS DIVERSOS,334*/22*,,49220.0,,72500.0,121720.0,118677.96
334/22706,PROMOCIÓN CULTURAL/ ESTUDIOS Y TRABAJOS TÉCNICOS,334*/22*,,42000.0,,-10000.0,32000.0,17950.1
334/22799,PROM. CULTURAL/OT.TRBJOS.REALIZ.OT.EMPRESAS Y PROF,334*/22*,,336919.71,,10000.0,346919.71,339570.2
334/48900,PROM. CULTURAL/OTRAS TRANSFERENCIAS,334*/48*,,68000.0,,-1700.0,66300.0,66300.0
334/62202,PROMOCIÓN CULTURAL/ AMPLIACIÓN CENTRO CULTURAL VILLA DE ADEJE,334*/62*,,0.0,,22000.0,22000.0,20131.87
334/62302,PROMOCIÓN CULTURAL/ GRUPO ELECTRÓGENO VOLVO PENTA,334*/62*,,0.0,,15750.0,15750.0,15750.0
334/62320,PROMOCIÓN CULTURAL/ UTILLAJES,334*/62*,,2000.0,,0.0,2000.0,1542.24
334/62500,PROMOCIÓN CULTURAL/ MOBILIARIO Y ENSERES,334*/62*,,8000.0,,2909.37,10909.37,13099.38
334/62503,PROMOCIÓN CULTURAL/ INSTRUMENTOS MUSICALES,334*/62*,,3000.0,,0.0,3000.0,1611.07
334/62900,PROMOCIÓN CULTURAL/ OTRAS INVERSIONES ASOCIADAS AL FUNCIONMNTO DE LOS SERVICIOS,334*/62*,,0.0,,0.0,0.0,10963.66
334/62909,PROMOCIÓN CULTURAL/ INSTALACIÓN AIRE ACONDICIONADO,334*/62*,,0.0,,94365.9,94365.9,2716.72
334/62910,Promoción cultural/Sistema de protección contra incendios,334*/62*,,0.0,,11000.0,11000.0,0.0
334/62946,PROMOCIÓN CULTURAL/ ESTRUCTURA TRASLADO IMÁGENES,334*/62*,,0.0,,2407.5,2407.5,2407.5
334/62947,Promoción Cultural/Carrozas para desfiles,334*/62*,,0.0,,12000.0,12000.0,0.0
336/13100,PROTECCIÓN Y GESTIÓN DEL PATRIMONIO HISTÓRICO-ARTÍSTICO/RETRIBUCIONES BÁSICAS LAB.TEM,3*/1*,,44896.68,,0.0,44896.68,44322.18
336/16000,PROTECCIÓN Y GESTIÓN DEL PATRIMONIO HISTÓRICO-ARTÍSTICO/ SEGURIDAD SOCIAL,3*/1*,,13653.68,,0.0,13653.68,13437.24
336/22001,"PROTECCIÓN Y GESTIÓN DEL PATRIMONIO HISTÓRICO-ARTÍSTICO/PRENSA,REVISTAS,LIBROS Y OT.P",336*/22*,,8000.0,,0.0,8000.0,9186.96
336/22300,PROTECCIÓN Y GESTIÓN DEL PATRIMONIO HISTÓRICO- ARTÍSTICO/ TRANSPORTES.,336*/22*,,1500.0,,0.0,1500.0,2240.6
336/22699,PROTECCIÓN Y GESTIÓN DEL PATRIMONIO HISTÓRICO- ARTÍSTICO/OTROS GASTOS DIVERSOS,336*/22*,,6000.0,,0.0,6000.0,3734.35
336/62228,PROTECCIÓN Y GESTIÓN DEL PATRIMONIO HISTÓRICO-ARTÍSTICO/CENTRO DE VISITANTES DE LA HISTORIA DE ADEJE,336*/62*,,900000.0,,7511.4,907511.4,7511.4
3371/13100,TERCERA EDAD/REMUNERACIONES BÁSICAS LAB.TEMP,3*/1*,,78015.69,,0.0,78015.69,75555.76
3371/16000,TERCERA EDAD/ SEGURIDAD SOCIAL,3*/1*,,22363.55,,0.0,22363.55,22779.79
3371/22300,TERCERA EDAD/ TRANSPORTES,337*/22*,,9500.0,,0.0,9500.0,10688.3
3371/22699,TERCERA EDAD/OTROS GASTOS DIVERSOS,337*/22*,,10000.0,,0.0,10000.0,9999.58
3371/22706,TERCERA EDAD/ ESTUDIOS Y TRABAJOS TÉCNICOS,337*/22*,,0.0,,0.0,0.0,321.0
3371/22799,TERCERA EDAD/OT.TRBJOS.REALIZ.OT.EMPRESAS Y PROFES,337*/22*,,19500.0,,0.0,19500.0,13072.2
3371/48900,TERCERA EDAD/ OTRAS TRANSFERENCIAS,337*/48*,,10000.0,,0.0,10000.0,10000.0
3372/13100,JUVENTUD/REMUNERACIONES BÁSICAS LAB.TEMP,3*/1*,,54458.93,,0.0,54458.93,46123.29
3372/16000,JUVENTUD/ SEGURIDAD SOCIAL,3*/1*,,15983.13,,0.0,15983.13,14687.83
3372/20500,JUVENTUD/ARRENDAMIENTO MOBILIARIO Y ENSERES,337*/20*,,1000.0,,-1000.0,0.0,0.0
3372/20800,JUVENTUD/ARRENDAMIENTO DE OTRO INMV.MATERIAL,337*/20*,,300.0,,0.0,300.0,0.0
3372/22001,"JUVENTUD/PRENSA, REVISTAS,LIBROS Y OTRA",337*/22*,,660.0,,0.0,660.0,260.09
3372/22104,JUVENTUD/ VESTUARIO,337*/22*,,500.0,,0.0,500.0,0.0
3372/22199,JUVENTUD/OTROS SUMINISTROS,337*/22*,,1500.0,,3000.0,4500.0,9645.18
3372/22300,JUVENTUD/ TRANSPORTES,337*/22*,,8000.0,,0.0,8000.0,7231.9
3372/22602,JUVENTUD/PUBLICIDAD Y PROPAGANDA,337*/22*,,2000.0,,0.0,2000.0,0.0
3372/22609,JUVENTUD/ACTIVIDADES CULTURALES Y RECREATIVAS,337*/22*,,25900.0,,9120.0,35020.0,18500.71
3372/22699,JUVENTUD/OTROS GASTOS DIVERSOS,337*/22*,,5200.0,,0.0,5200.0,22050.2
3372/22706,JUVENTUD/ ESTUDIOS Y TRABAJOS TÉCNICOS,337*/22*,,2500.0,,0.0,2500.0,0.0
3372/22799,JUVENTUD/OT.TRBJOS.REALIZ.OT.EMPRESAS Y PROFESIONA,337*/22*,,12000.0,,0.0,12000.0,11137.22
3372/48100,"JUVENTUD/PREMIOS, BECAS Y PENSIONES",337*/48*,,3600.0,,0.0,3600.0,0.0
3372/48900,JUVENTUD/ OTRAS TRANSFERENCIAS,337*/48*,,8000.0,,-4000.0,4000.0,1140.0
3372/62500,Juventud/Mobilirio y enseres,337*/62*,,0.0,,4200.0,4200.0,1532.09
3372/62909,JUVENTUD/ INSTALACIÓN AIRE ACONDICIONADO,337*/62*,,0.0,,0.0,0.0,0.0
338/20500,FIESTAS POPULARES Y FESTEJOS/ ARRENDAMIENTOS DE MOBILIARIO Y ENSERES,338*/20*,,3000.0,,5000.0,8000.0,13039.92
338/20800,FIESTAS POPULARES Y FESTEJOS/ ARRENDAMIENTOS DE MOBILIARIO DE OTRO INMOV. MATERIAL,338*/20*,,17240.0,,12000.0,29240.0,20791.2
338/22104,FIESTAS POPULARES Y FESTEJOS/ VESTUARIO,338*/22*,,2500.0,,0.0,2500.0,0.0
338/22199,FIESTAS POPULARES Y FESTEJOS/ OTROS SUMINISTROS,338*/22*,,5000.0,,12800.0,17800.0,21093.53
338/22300,FIESTAS POPULARES Y FESTEJOS/ TRANSPORTE,338*/22*,,1000.0,,1800.0,2800.0,3538.0
338/22601,FIESTAS POPULARES Y FESTEJOS/ ATENCIONES PROTOCOLARIAS Y REPRESENTATIVAS,338*/22*,,1000.0,,1000.0,2000.0,0.0
338/22602,FIESTAS POPULARES Y FESTEJOS/ PUBLICIDAD Y PROPAGANDA,338*/22*,,6500.0,,5400.0,11900.0,8178.82
338/22609,FIESTAS POPULARES Y FESTEJOS/ ACTIVIDADES CULTURALES,338*/22*,,75470.0,,70606.0,146076.0,79002.7
338/22699,FIESTAS POPULARES Y FESTEJOS/ OTROS GASTOS DIVERSOS,338*/22*,,30000.0,,10000.0,40000.0,75483.78
338/22706,FIESTAS POPULARES Y FESTEJOS/ ESTUDIOS Y TRABAJOS TÉCNICOS,338*/22*,,3000.0,,0.0,3000.0,6243.66
338/22799,FIESTAS POPULARES Y FESTEJOS/ TRABAJOS REALIZADOS POR OTRAS EMPRESAS,338*/22*,,74900.0,,46300.0,121200.0,114839.95
338/48900,FIESTAS POPULARES Y FESTEJOS/ OTRAS TRANSFERENCIAS,338*/48*,,57900.0,,0.0,57900.0,57500.0
340/13000,ADMT.GRAL.DEPORTES/RETRIBUCIONES BASICAS,3*/1*,,10922.37,,0.0,10922.37,0.0
340/13100,ADMINISTRACIÓN GRAL.DEPORTES/RETRIBUCIONES BASICAS,3*/1*,,110771.93,,0.0,110771.93,110437.7
340/16000,ADMT.GRAL.DEPORTES/SEGURIDAD SOCIAL,3*/1*,,37194.93,,0.0,37194.93,35537.19
340/62909,ADMTRACIÓN GRAL DEPORTES/ INSTALACIÓN AIRE ACONDICIONADO,340*/62*,,0.0,,0.0,0.0,0.0
341/20200,"PRO,Y FOM,DEL DEPORTE/ARREND.DE EDIF.Y OT.CONST.",341*/20*,,68580.0,,0.0,68580.0,66801.97
341/20500,PROM.Y FOM.DEL DEPORTE/ARRENDT.DE MOB.  Y ENSERES,341*/20*,,2000.0,,1200.0,3200.0,5876.44
341/20800,PROM.Y FOM.DEL DEPORTE/ARRENDT.DE OTRO INMV.MATERIAL,341*/20*,,2500.0,,2500.0,5000.0,2576.07
341/21500,PROMOCIÓN Y FOMENTO DEL DEPORTE/ REP.MANTNMTO Y CONS. DE  MOBILIARIOS Y ENSERES,341*/21*,,2000.0,,0.0,2000.0,1495.0
341/22001,"PROMOCIÓN Y FOMENTO DEL DEPORTE/ PRENSA, REVISTAS, LIBROS Y OTRAS PUBLICACIONES",341*/22*,,0.0,,0.0,0.0,294.78
341/22100,PROM.Y FOM.DEL DEPORTE/ENERGÍA ELÉCTRICA,341*/22*,,72000.0,,0.0,72000.0,66254.29
341/22104,PROM.Y FOM.DEL DEPORTE/ VESTUARIO,341*/22*,,2000.0,,0.0,2000.0,463.5
341/22199,PROM.Y FOM.DEL DEPORTE/ OTROS SUMINISTROS,341*/22*,,51750.0,,-9710.7,42039.3,40395.78
341/22300,PROM.Y FOMENT.DEL DEPORTE/ TRANSPORTES,341*/22*,,20000.0,,3000.0,23000.0,29267.55
341/22601,PROM.Y FOMENT.DEL DEPORTE/ATENC. PROTOC. Y REP.,341*/22*,,1000.0,,0.0,1000.0,0.0
341/22602,PROM.Y FOMT.DEL DEPORTE/PUBLICIDAD Y PROPAGANDA,341*/22*,,3000.0,,0.0,3000.0,10456.83
341/22609,PROM. Y FOM. DEL DEPORTE/ACTV.CULT.Y DEPORTIVAS,341*/22*,,36500.0,,6920.44,43420.44,2043.7
341/22699,PROM.Y FOM. DEPORTE/OTROS GASTOS DIVERSOS,341*/22*,,55600.0,,28000.0,83600.0,97701.09
341/22706,PROMOCIÓN Y FOMENTO DEL DEPORTE/ ESTUDIOS Y TRABAJOS TÉCNICOS,341*/22*,,5000.0,,0.0,5000.0,1658.2
341/22799,PROM.Y FOM.DEPORTE/OT.TRBJOS REALIZ.OT.EMPRESAS Y,341*/22*,,868048.5,,6076.0,874124.5,863779.17
341/48900,PROM. Y FOM.DEL DEPORTE/ OTRAS TRANSFERENCIAS,341*/48*,,169200.0,,11000.0,180200.0,178540.0
341/62211,Promoción y fomento del deporte/Campos de futbol Adeje Armeñime,341*/62*,,0.0,,6000.0,6000.0,4334.66
341/62212,Promoción y fomento del deporte/Polideportivo las Torres,341*/62*,,0.0,,49500.0,49500.0,45354.1
341/62213,Promoción y fomento del deporte/Campos de fut. Fañabe Polideportivo Adeje,341*/62*,,0.0,,6000.0,6000.0,4334.66
341/62230,Promoción y fomento del deporte/Pabellón de Adeje,341*/62*,,0.0,,76500.0,76500.0,35746.41
341/62500,PROMOCIÓN Y FOMENTO DEL DEPORTE/ MOBILIARIO Y ENSERES,341*/62*,,11029.72,,0.0,11029.72,4447.86
341/62511,PROMOCIÓN Y FOMENTO DEL DEPORTE/ MOQUETA PABELLÓN ADEJE,341*/62*,,0.0,,0.0,0.0,6025.0
341/62910,PROMOCIÓN Y FOMENTO DEL DEPORTE/ SISTEMA DE PROTECCIÓN CONTRA INCENDIOS,341*/62*,,0.0,,1580.27,1580.27,1580.27
341/62944,PROMOCIÓN Y FOMENTO DEL DEPORTE/ VALLAS PLÁSTICAS,341*/62*,,0.0,,4332.18,4332.18,4332.18
342/13100,INSTALACIONES DEPORTIVAS/RETRIBUCIONES BÁSICAS,3*/1*,,187105.52,,-2869.57,184235.95,185706.0
342/16000,INSTALACIONES DEPORTIVAS/SEGURIDAD SOCIAL,3*/1*,,62641.24,,0.0,62641.24,49275.65
342/62200,INSTALACIONES DEPORTIVAS/ EDIFICIOS Y OTRAS CONSTRUCCIONES,342*/62*,,0.0,,45274.12,45274.12,45274.11
4312/21200,"MERCADO,ABASTOS Y LONJAS/ REP.MNTNMTO Y CONSERV.EDIFICIOS Y OTRAS CONSTRUCCIONES",431*/21*,,3000.0,,-1442.36,1557.64,397.83
4312/22104,"MERCADOS,ABASTOS Y LONJAS/ VESTUARIO",431*/22*,,1000.0,,-1000.0,0.0,0.0
4312/22199,"MERCADOS,ABASTOS Y LONJAS/ OTROS SUMINISTROS",431*/22*,,2000.0,,0.0,2000.0,1572.01
4312/22602,"MERCADOS,ABASTOS Y LONJAS/PUBLICIDAD Y PROPAGANDA",431*/22*,,3000.0,,0.0,3000.0,3135.64
4312/22699,"MERCADOS,ABASTOS Y LONJAS/OTROS GASTOS DIVERSOS",431*/22*,,1000.0,,1442.36,2442.36,716.9
4312/22706,"MERCADO,ABASTOS Y LONJAS/ESTUDIOS Y TRABAJOS TÉCNICOS",431*/22*,,19976.0,,1498.0,21474.0,19576.72
4312/22799,"MERCADOS,ABASTOS Y LONJAS/OT.TRBJOS.REALIZ.OT.EMPRESAS",431*/22*,,6967.67,,-6967.67,0.0,3859.85
4312/62500,"MERCADO,ABASTOS Y LONJAS/ MOBILIARIO Y ENSERES",431*/62*,,6000.0,,0.0,6000.0,4024.02
432/12000,INFORMACIÓN Y PROMOCIÓN TURÍSTICA/ SUELDOS GRUPO A1,4*/1*,,15526.7,,155.27,15681.97,13704.07
432/12001,INFORMACIÓN Y PROMOCIÓN TURÍSTICA/ SUELDOS GRUPO A2,4*/1*,,13425.72,,134.26,13559.98,13097.1
432/12003,INFORMACIÓN Y PROMOCIÓN TURÍSTICA/SUELDOS DEL GRUPO C1,4*/1*,,10080.28,,100.8,10181.08,11178.97
432/12006,INFORMACIÓN Y PROMOCIÓN TURÍSTICA/TRIENIOS,4*/1*,,14147.0,,141.47,14288.47,13175.35
432/12100,INFORMACIÓN Y PROMOCIÓN TURÍSTICA/COMPLEMENTO DE DESTINO,4*/1*,,22079.54,,220.8,22300.34,20904.01
432/12101,INFORMACIÓN Y PROMOCIÓN TURÍSTICA/COMPLEMENTO ESPECIFICO,4*/1*,,50488.48,,504.88,50993.36,47714.03
432/12103,INFORMACIÓN Y PROMOCIÓN TURÍSTICA/OTROS COMPLEMENTOS,4*/1*,,5673.63,,56.73,5730.36,5393.52
432/13000,INFORMACIÓN Y PROMOCIÓN TURÍSTICA/RETRIBUCIONES BASICAS,4*/1*,,46463.24,,0.0,46463.24,38405.86
432/13002,INFORMACIÓN Y PROMOCIÓN TURÍSTICA/OTRAS REMUNERACIONES,4*/1*,,8337.71,,0.0,8337.71,8445.33
432/13100,INFORMACIÓN Y PROMOCIÓN TURÍSTICA/RETRIBUCIONES BASICAS LAB.TEM,4*/1*,,179446.96,,0.0,179446.96,126671.07
432/15000,INFORMACIÓN Y PROMOCIÓN TURÍSTICA/PRODUCTIVIDAD,4*/15*,,17381.43,,0.0,17381.43,14538.75
432/16000,INFORMACIÓN Y PROMOCIÓN TURÍSTICA/SEGURIDAD SOCIAL,4*/1*,,102416.66,,313.47,102730.13,81104.71
432/16104,INFORMACIÓN Y PROMOCIÓN TURÍSTICA/INDEMNIZACIONES AL PERSONAL LABORAL POR JUBILACIONES ANTICIPADAS,4*/1*,,0.0,,0.0,0.0,4810.0
432/22104,INFORMACIÓN Y PROMOCIÓN TURÍSTICA/VESTUARIO,432*/22*,,1000.0,,0.0,1000.0,0.0
432/22199,INFORMACIÓN Y PROMOCIÓN TURÍSTICA/OTROS SUMINISTROS,432*/22*,,20000.0,,0.0,20000.0,7793.55
432/22601,INFORMACIÓN Y PROMOCIÓN TURÍSTICA/ ATENCIONES PROTOCOLARIAS Y REPRESENTATIVAS,432*/22*,,600.0,,0.0,600.0,37.7
432/22602,INFORMACIÓN Y PROMOCIÓN TURÍSTICA/PUBLICIDAD Y PROPAGANDA,432*/22*,,114000.0,,20922.56,134922.56,136592.62
432/22609,INFORMACIÓN Y PROMOCIÓN TURÍSTICA/ ACTIVIDADES CULTURALES Y DEPORTIVAS,432*/22*,,30000.0,,0.0,30000.0,7235.64
432/22699,INFORMACIÓN Y PROMOCIÓN TURÍSTICA/OTROS GASTOS DIVERSOS,432*/22*,,22000.0,,14000.0,36000.0,36493.61
432/22706,INFORMACIÓN Y PROMOCIÓN TURÍSTICA/ESTUDIOS Y TRABAJOS TÉCNICOS.,432*/22*,,140015.34,,27625.0,167640.34,113474.77
432/22799,INFORMACIÓN Y PROMOCIÓN TURÍSTICA/OT.TRBJOS.REAL.OT.EMPRESAS Y PR,432*/22*,,6000.0,,50617.44,56617.44,117065.93
432/46100,"INFORMACIÓN Y PROMOCIÓN TURÍSTICA/A DIP.,CONS.Y CABILDOS",432*/46*,,204424.0,,0.0,204424.0,204424.0
432/48900,INFORMACIÓN Y PROMOCIÓN TURÍSTICA/ OTRAS TRANSFERENCIAS,432*/48*,,35000.0,,-15000.0,20000.0,20000.0
432/60927,INFORMACIÓN Y PROMOCIÓN TURÍSTICA/ CONSTRUCCIÓN SENDA PEATONAL AVDA LA GALGA EN CALLAO SALVAJE,432*/60*,,0.0,,642.0,642.0,642.0
432/60953,Información y promoción turística/Proyecto y urb.del paseo costa del Bahía del Duque,432*/60*,,0.0,,25680.0,25680.0,0.0
432/60959,INFORMACIÓN Y PROMOCIÓN TURÍSTICA/PASEO MARÍTIMO ENTRE BCO DE TROYA Y PLAYA EL BOBO. PLAZA SALITIEN,432*/60*,,0.0,,574377.16,574377.16,0.0
432/62600,INFORMACIÓN Y PROMOCIÓN TURÍSTICA/ EQUIPOS PARA PROCESOS DE INFORMACIÓN,432*/62*,,0.0,,2375.0,2375.0,2375.0
432/62909,Inf. y Prom.Turística/Instalación aire acondicionado,432*/62*,,0.0,,6000.0,6000.0,5495.8
432/76100,INFORMACIÓN Y PROMOCIÓN TURÍSTICA/A CONS.DIPUT.Y CABILDO,432*/76*,,677175.2,,0.0,677175.2,677175.2
439/13000,OTRAS ACTUACIONES SECTORIALES/ RETRIBUCIONES BÁSICAS,4*/1*,,5457.91,,0.0,5457.91,0.0
439/13100,OTRAS ACTUACIONES SECTORIALES/ RETRIBUCIONES BÁSICAS,4*/1*,,71393.3,,0.0,71393.3,0.0
439/16000,OTRAS ACTUACIONES SECTORIALES/ SEGURIDAD SOCIAL,4*/1*,,20575.05,,0.0,20575.05,0.0
439/20500,OTRAS ACTUACIONES SECTORIALES/ ARRENDAMIENTO DE MOBILIARIO Y ENSERES,439*/20*,,1200.0,,0.0,1200.0,1562.2
439/20800,OTRAS ACTUACIONES SECTORIALES/ ARRENDAMIENTO DE OTRO INMOVILIZADO MATERIAL,439*/20*,,2800.0,,6100.0,8900.0,2660.02
439/21300,OTRAS ACTUACIONES SECTORIALES/ REP.MNTMNTO Y CONS. MAQ. INSTLAC Y UTILLAJE,439*/21*,,6000.0,,0.0,6000.0,2056.27
439/22199,OTRAS ACTUACIONES SECTORIALES/ OTROS SUMINISTROS,439*/22*,,10100.0,,0.0,10100.0,4998.94
439/22602,OTRAS  ACTUACIONES SECTORIALES/ PUBLICIDAD Y PROPAGANDA,439*/22*,,20817.12,,30015.0,50832.12,23424.86
439/22609,OTRAS ACTUACIONES SECTORIALES/ ACTIVIDADES CULTURALES Y DEPORTIVAS,439*/22*,,8100.0,,0.0,8100.0,9653.74
439/22699,OTRAS ACTUACIONES SECTORIALES/ OTROS GASTOS DIVERSOS,439*/22*,,3005.0,,0.0,3005.0,3000.0
439/22706,OTRAS ACTUACIONES SECTORIALES/ ESTUDIOS Y TRABAJOS TÉCNICOS,439*/22*,,25500.0,,1800.0,27300.0,30243.9
439/22799,OTRAS ACTUACIONES SECTORIALES/ OTROS TRABAJOS REALIZADOS POR OTRAS EMPRESAS Y PROFESIONALES,439*/22*,,66878.03,,45449.82,112327.85,115466.13
439/62500,Otras actuaciones sectoriales/Mobiliario y enseres,439*/62*,,0.0,,6000.0,6000.0,5889.72
439/62909,OTRAS ACTUACIONES SECTORIALES/ INSTALACIÓN AIRE ACONDICIONADO,439*/62*,,0.0,,16000.0,16000.0,15999.48
439/62939,OTRAS ACTUACIONES SECTORIALES/ INFRAESTRUCTURA DE TELECOMUNICACIONES,439*/62*,,800.0,,0.0,800.0,788.59
441/13000,TRANSPORTE DE VIAJEROS/ RETRIBUCIONES BÁSICAS,4*/1*,,21750.87,,0.0,21750.87,21259.18
441/13002,TRANSPORTE DE VIAJEROS/ OTRAS REMUNERACIONES,4*/1*,,6401.54,,0.0,6401.54,5868.06
441/16000,TRANSPORTE DE VIAJEROS/ SEGURIDAD SOCIAL,4*/1*,,8699.09,,0.0,8699.09,7974.12
441/22603,TRANSPORTE DE VIAJEROS/ PUBLICACIÓN EN DIARIOS OFICIALES,441*/22*,,600.0,,0.0,600.0,0.0
441/22699,TRANSPORTE DE VIAJEROS/OTROS GASTOS DIVERSOS,441*/22*,,14500.0,,-14000.0,500.0,0.0
441/22706,TRANSPORTE DE VIAJEROS/ ESTUDIOS Y TRABAJOS TÉCNICOS,441*/22*,,49000.0,,-32000.0,17000.0,16050.0
441/22799,TRANSPORTE DE VIAJEROS/OT.TRAB.RLZ.OT.EMP.Y PROF,441*/22*,,12000.0,,-8000.0,4000.0,3049.5
491/13000,SOCIEDAD DE LA INFORM./RETRIBUCIONES BÁSICAS,4*/1*,,29681.01,,0.0,29681.01,28300.96
491/13002,SOCIEDAD DE LA INFORM./OTRAS RETRIBUCIONES,4*/1*,,12520.32,,0.0,12520.32,12520.2
491/13100,SOCIEDAD DE LA INFORMACIÓN/RETRIBUCIONES BÁSICAS,4*/1*,,104179.31,,0.0,104179.31,104756.94
491/16000,SOC. DE LA INFORMACIÓN/SEGURIDAD SOCIAL,4*/1*,,45324.79,,0.0,45324.79,37709.7
491/21500,SOCIEDAD DE INFORMACIÓN/MOBILIARIO Y ENSERES,491*/21*,,2000.0,,0.0,2000.0,0.0
491/21900,SOCIEDAD DE LA INFORM./ REP.MANT.Y CONS.OT.INV.MAT,491*/21*,,20000.0,,0.0,20000.0,11486.89
491/22199,SOCIEDAD DE LA INFORMACIÓN/ OTROS SUMINISTROS,491*/22*,,0.0,,0.0,0.0,1221.15
491/22500,SOCIEDAD DE LA INFORMACIÓN/ TRIBUTOS ESTATALES,491*/22*,,100.0,,0.0,100.0,130.04
491/22602,SOCIEDAD DE INFORMACIÓN/PÚBLICIDAD Y PROPAGANDA,491*/22*,,106960.0,,0.0,106960.0,15930.7
491/22699,SOCIEDAD DE LA INFORMACIÓN/OTROS GASTOS DIVERSOS,491*/22*,,9842.92,,0.0,9842.92,7279.13
491/22799,SOCDAD. INFORM./OT.TRBJOS.REAL.OT.EMPRESAS Y PROFE,491*/22*,,1679.76,,0.0,1679.76,93346.21
491/62902,SOCIEDAD DE LA INFORMACIÓN/ INFRAESTRUCTURA PARA LA TDT FAÑABE,491*/62*,,8000.0,,-8000.0,0.0,0.0
491/62904,SOCIEDAD DE LA INFORMACIÓN/ INFRAESTRUCTURAS PARA LA TDT TAUCHO,491*/62*,,8000.0,,-7550.6,449.4,449.4
491/62922,SOCIEDAD DE LA INFORMACIÓN/ EQUIPAMIENTO TÉCNICO EMISORA DE RADIO,491*/62*,,9033.0,,27928.47,36961.47,33548.58
491/62938,Sociedad de la información/Equipo fotográfico,491*/62*,,0.0,,3720.0,3720.0,3985.6
491/62945,Sociedad de la información/Equipo de video multicamara,491*/62*,,0.0,,3194.0,3194.0,3867.61
491/64108,SOCIEDAD DE LA INFORMACIÓN/ SOFTWARE AUTOMATIZACIÓN Y PUBLICIDAD,491*/64*,,0.0,,243.21,243.21,0.0
493/13000,PROTECCIÓN DE CONSUMIDORES Y USUARIOS/RETRIBUCIONES BÁSICAS,4*/1*,,35255.56,,0.0,35255.56,35597.54
493/13002,PROTECCIÓN DE CONSUMIDORES Y USUARIOS/OTRAS REMUNERACIONES,4*/1*,,8293.72,,0.0,8293.72,8304.78
493/13100,PROTECCION DE CONSUMIDORES Y USUARIOS/RETRIBUCIONES BÁSICAS LAB.TE,4*/1*,,23987.97,,0.0,23987.97,23229.5
493/16000,PROTECCIÓN DE CONSUMIDORES Y USUARIOS/SEGURIDAD SOCIAL,4*/1*,,20480.7,,0.0,20480.7,19988.25
493/22602,PROTECCIÓN DE CONSUMIDORES Y USUARIOS/ PUBLICIDAD Y PROPAGANDA,493*/22*,,3000.0,,0.0,3000.0,0.0
912/10000,ORGANOS DE GOBIERNO/RETRIBUCIONES BASICAS,9*/10*,,556000.0,,0.0,556000.0,556000.0
912/11000,ORGANOS DE GOBIERNO/RETRIBUCIONES BASICAS,9*/11*,,227000.0,,0.0,227000.0,223314.81
912/16000,ORGANOS DE GOBIERNO/ SEGURIDAD SOCIAL,9*/1*,,217221.52,,0.0,217221.52,227792.1
912/22199,ÓRGANOS DE GOBIERNO/OTROS SUMINISTROS,912*/22*,,10000.0,,0.0,10000.0,12103.05
912/22601,ÓRG.GOBIERNO/ATENCIONES PROTOCOLARIAS.Y REPRESENTA,912*/22*,,15000.0,,16958.87,31958.87,23513.54
912/22602,ÓRGANOS DE GOBIERNO/PUBLICIDAD Y PROPAGANDA,912*/22*,,1000.0,,0.0,1000.0,0.0
912/22699,ORGANOS DE GOBIERNO/OTROS GASTOS DIVERSOS,912*/22*,,10000.0,,15000.0,25000.0,16080.82
912/22706,ORGANOS DE GOBIERNO/ESTDIOS.Y TRBJOS TÉCNICOS,912*/22*,,12020.0,,18000.0,30020.0,22540.0
912/22799,ORG. GOBIERNO/OT.TRBJOS.REALIZ.OT.EMPRESAS Y PROFE,912*/22*,,2000.0,,0.0,2000.0,3461.48
912/23000,ORGANOS DE GOBIERNO/DIETAS MIEMBROS ORG.GBRNO.,912*/23*,,6000.0,,0.0,6000.0,2147.62
912/23020,ORGANOS DE GOBIERNI/DIETAS OT PERS. NO DIRECTIVO,912*/23*,,500.0,,0.0,500.0,749.93
912/23100,ORGANOS DE GOBIERNO/ LOCOMOCIÓN MIEMBROS ORG.GOBIE,912*/23*,,2000.0,,0.0,2000.0,1159.81
912/23120,ORGANOS DE GOBIERNO/ LOCMOC. OT PERS NO DIRECTIVO,912*/23*,,500.0,,0.0,500.0,705.33
912/23300,ORGANOS DE GOBIERNO/ INDEMNIZACIONES POR ASISTENCIAS,912*/23*,,114200.0,,0.0,114200.0,109000.0
912/48900,ÓRGANOS DE GOBIERNO/ OTRAS TRANSFERENCIAS,912*/48*,,24000.0,,0.0,24000.0,24000.0
912/62400,Órganos de gobierno/Elementos de transporte,912*/62*,,0.0,,30000.0,30000.0,0.0
912/62504,ÓRGANOS DE GOBIERNO/ ESCULTURAS,912*/62*,,0.0,,0.0,0.0,2942.5
912/62947,ÓRGANOS DE GOBIERNO/ CARROZAS PARA DESFILES,912*/62*,,0.0,,0.0,0.0,4258.6
920/12000,ADMINISTRACION GENERAL/SUELDOS  GRUPO A1,9*/1*,,126051.72,,-9274.31,116777.41,79986.4
920/12001,ADMINISTRACIÓN GENERAL/ SUELDOS DEL GRUPO A2,9*/1*,,44332.49,,0.0,44332.49,36506.64
920/12003,ADMINISTRACION GENERAL./SUELDO GRUPO C1,9*/1*,,10692.38,,0.0,10692.38,10927.05
920/12006,ADMINISTRACION GENERAL/ TRIENIOS,9*/1*,,24277.99,,0.0,24277.99,27829.53
920/12100,ADMINISTRACION GENERAL/ COMPLEMENTO DE DESTINO,9*/1*,,115344.27,,-11135.21,104209.06,81274.74
920/12101,ADMINISTRACION GENERAL/COMPLEMENTO ESPECIFICO,9*/1*,,260164.27,,0.0,260164.27,200418.63
920/12103,ADMINISTRACION GENERAL/OTROS COMPLEMENTOS,9*/1*,,26614.21,,-2294.84,24319.37,17816.55
920/13000,ADMINISTRACION GENERAL/RETRIBUCIONES BASICAS,9*/1*,,210455.49,,0.0,210455.49,146770.27
920/13002,ADMINISTRACION GENERAL/OTRAS REMUNERACIONES,9*/1*,,39004.46,,0.0,39004.46,38657.56
920/13100,ADMTRACION GENERAL/RETRIBUCIONES BASICAS LAB.TEM,9*/1*,,1372712.55,,0.0,1372712.55,1465832.71
920/15000,ADMINISTRACION GENERAL/ PRODUCTIVIDAD,9*/15*,,72331.49,,-10081.66,62249.83,50279.61
920/15100,ADMINISTRACION GENERAL/GRATIFICACIONES FUNCIONARIO,9*/15*,,2000.0,,0.0,2000.0,14652.74
920/15101,ADMTRACIÓN.GRAL./GRATIFICACIONES PERSONAL LABORAL,9*/15*,,40000.0,,0.0,40000.0,34177.1
920/16000,ADMINISTRACION GENERAL/ SEGURIDAD SOCIAL,9*/1*,,564598.25,,-5002.8,559595.45,592297.49
920/16204,ADMINISTRACIÓN GENERAL/ ACCIÓN SOCIAL.,9*/1*,,4327.2,,0.0,4327.2,4327.2
920/20000,ADMON. GRAL/ARRENDAMIENTO  TERRENOS Y BB NATURALES,920*/20*,,8986.2,,0.0,8986.2,7704.0
920/20200,ADMTRACIÓN GRAL/ARRNDMNTO EDIFICIOS Y OT.CONSTRUCC,920*/20*,,157909.33,,23000.0,180909.33,152245.43
920/20500,ADMTRACIÓN GRAL/ ARRNDMNTO MOBILIARIO Y ENSERES,920*/20*,,0.0,,6000.0,6000.0,23431.56
920/21400,ADMTRACION GRAL/REP.MANT.ELEMENTOS TRANSPORTE,920*/21*,,120000.0,,0.0,120000.0,125771.48
920/21501,ADMINISTRACIÓN GENERAL/REP.MANTNMTO Y CONS.EQUIPOS DE OFICINA,920*/21*,,55000.0,,0.0,55000.0,45684.59
920/21600,ADMINISTRACIÓN GENERAL/ REP. MANTNMTO Y CONSERVACIÓN DE EQUIPOS DE INFORMACIÓN,920*/21*,,21669.11,,0.0,21669.11,9522.18
920/22000,ADMINTRACIÓN GRAL/MAT.OFICINA ORD.NO INVENTARIABLE,920*/22*,,75000.0,,0.0,75000.0,80027.06
920/22001,"ADMINIST. GRAL./PRENSA, REVISTAS,LIBROS Y OT.PUBLI",920*/22*,,13000.0,,0.0,13000.0,9815.73
920/22002,ADMINT.GRAL/MAT.INF. NO INVENTARIABLE,920*/22*,,15000.0,,0.0,15000.0,10551.61
920/22103,ADMINISTRACIÓN GRAL./ COMBUSTIBLE Y CARBURANTES.,920*/22*,,120000.0,,0.0,120000.0,101685.56
920/22104,ADMINISTRACIÓN GENERAL/ VESTUARIO.,920*/22*,,4551.1,,0.0,4551.1,2628.49
920/22199,ADMINISTRACIÓN GENERAL./ OTROS SUMINISTROS,920*/22*,,22000.0,,0.0,22000.0,35743.18
920/22200,ADMINISTRACIÓN GRAL./ COMUNICACIONES TELEFONICAS,920*/22*,,140000.0,,0.0,140000.0,148153.56
920/22201,ADMINISTRACIÓN GRAL./ COMUNICACIONES POSTALES,920*/22*,,82800.0,,0.0,82800.0,110257.99
920/22400,ADMINISTRACIÓN GENERAL./ PRIMAS DE SEGUROS,920*/22*,,281215.0,,0.0,281215.0,157268.28
920/22500,ADMINISTRACIÓN GENERAL/ TRIBUTOS ESTATALES,920*/22*,,300.0,,0.0,300.0,447.86
920/22602,ADMINIST. GRAL./PUBLICIDAD Y PROPAGANDA,920*/22*,,15000.0,,0.0,15000.0,28665.22
920/22603,ADMT.GRAL./PUBLICACION EN DIARIOS OFICIALES,920*/22*,,15000.0,,0.0,15000.0,12430.63
920/22604,ADMINISTRACIÓN GENERAL/ GASTOS JURIDICOS,920*/22*,,25000.0,,-2800.0,22200.0,1716.22
920/22698,ADMINISTRACIÓN GRAL/RESPONSABILIDAD PATRIMONIAL,920*/22*,,10000.0,,0.0,10000.0,0.0
920/22699,ADMINISTRACIÓN GENERAL/ OTROS GASTOS DIVERSOS,920*/22*,,15000.0,,0.0,15000.0,24911.98
920/22700,ADMINISTRACIÓN GENERAL/ LIMPIEZA Y ASEO,920*/22*,,3731286.97,,0.0,3731286.97,3725642.64
920/22706,ADMINISTRACIÓN GENERAL/ ESTUDIOS Y TRAB.TÉCNICOS,920*/22*,,67928.26,,0.0,67928.26,69683.78
920/22799,ADMINISTRACIÓN GRAL/ OT.TRABJOS RLZ.OT.EMP.Y PROF.,920*/22*,,160205.45,,29834.41,190039.86,225329.84
920/23020,ADMINISTRACIÓN GRAL./DIETAS PERSONAL NO DIRECTIVO,920*/23*,,1000.0,,2508.84,3508.84,1731.96
920/23120,ADMINISTRACIÓN GRAL./LOC.PERS.NO DIRECTIVO,920*/23*,,1000.0,,3000.0,4000.0,2984.35
920/23300,ADMINISTRACIÓN GRAL./OTRAS INDEMNIZACIONES,920*/23*,,1000.0,,0.0,1000.0,0.0
920/62227,ADMINISTRACIÓN GENERAL/ MOLINO DE GOFIO,920*/62*,,0.0,,42800.0,42800.0,42800.0
920/62500,Administracion General/Mobiliario y enseres,920*/62*,,0.0,,20000.0,20000.0,21903.54
920/62501,Administracion General/Equipos de oficina,920*/62*,,0.0,,53015.96,53015.96,32302.87
920/62600,ADMT.GRAL./ EQUIPOS PARA PROCESOS DE INFORMACION,920*/62*,,20000.0,,44930.5,64930.5,83500.88
920/62602,Administracion General/Telefonía IP,920*/62*,,0.0,,1864.47,1864.47,907.36
920/62900,Administracion General/Otras inv.asoc. al func. de los servicios,920*/62*,,0.0,,14260.35,14260.35,14260.35
920/62909,Administracion General/Instalación de aire acondicionado,920*/62*,,0.0,,23781.44,23781.44,23781.44
920/64105,Administración General/Modulo del gestor de colas,920*/64*,,0.0,,0.0,0.0,1187.7
920/64107,Administracion General/Software administración electrónica de aupac,920*/64*,,0.0,,11750.0,11750.0,10967.5
920/64112,Administracion General/Módulo de firma electrónica gema y padrón de habitantes,920*/64*,,0.0,,1193.93,1193.93,0.0
920/64113,Administracion General/Módulo presupuestario para RRHH,920*/64*,,0.0,,5669.76,5669.76,5707.21
920/64115,Administracion General/Gespol 7,920*/64*,,0.0,,3753.23,3753.23,4193.01
920/83000,ADMINISTRACIÓN GENERAL/ PRÉSTAMOS A CORTO PLAZO,920*/83*,,80000.0,,0.0,80000.0,64200.0
920/83100,ADMINISTRACIÓN GRAL/ PRESTAMOS A LARGO PLAZO,920*/83*,,80000.0,,0.0,80000.0,52600.0
923/13100,INF.BÁSICA Y ESTDISTIC/RETRIBUCIONES BÁSICAS LAB.T,9*/1*,,75004.42,,0.0,75004.42,72660.52
923/16000,INF.BÁSICA Y ESTADÍSTICA/SEGURIDAD SOCIAL,9*/1*,,22285.71,,0.0,22285.71,21651.0
924/13100,PARTICIPACIÓN CIUDADANA/RETRIBUCIONES BÁSICAS,9*/1*,,3828.64,,0.0,3828.64,49080.66
924/16000,PARTIC.CIUDADANA/SEGURIDAD SOCIAL,9*/1*,,400.13,,0.0,400.13,14314.78
925/12003,ATENNCIÓN A LOS CIUDADANOS/SUELDOS DEL GRUPO C1,9*/1*,,10080.28,,100.8,10181.08,11010.28
925/12006,ATENCIÓN A LOS CIUDADANOS/TRIENIOS,9*/1*,,5130.45,,51.3,5181.75,5081.79
925/12100,ATENCIÓN A LOS CIUDADANOS/COMPLEMENTO DE DESTINO,9*/1*,,4584.16,,45.84,4630.0,4630.08
925/12101,ATENCIÓN A LOS CIUDADANOS/COMPLEMENTO ESPECIFICO,9*/1*,,12831.14,,128.31,12959.45,12959.38
925/12103,ATENCIÓN A LOS CIUDADANOS/OTROS COMPLEMENTOS,9*/1*,,1537.23,,15.37,1552.6,1552.6
925/13100,ATENCION CIUDADANOS/RETRIBUCIONES BASICAS LAB.TEM,9*/1*,,131528.56,,22553.96,154082.52,150066.27
925/15000,ATENCIÓN A LOS CIUDADANOS/PRODUCTIVIDAD,9*/15*,,4810.96,,0.0,4810.96,4027.56
925/16000,ATENCION A LOS CIUDADANOS/SEGURIDAD SOCIAL,9*/1*,,51740.86,,6969.17,58710.03,54516.55
931/12000,POLITICA ECON.Y FISCAL/SUELDOS GRUPO A1,9*/1*,,15863.27,,155.27,16018.54,16769.71
931/12001,POLITICA ECON. Y FISCAL/SUELDOS GRUPO A2,9*/1*,,13769.68,,134.26,13903.94,14203.29
931/12006,POLITICA ECON.Y FISCAL/ TRIENIOS,9*/1*,,8844.54,,86.56,8931.1,8426.8
931/12100,POLITICA ECON.Y FISCAL/COMPLEMENTO DE DESTINO,9*/1*,,18435.02,,178.1,18613.12,18664.88
931/12101,POLITICA ECON.Y FISCAL/COMPLEMENTO ESPECIFICO,9*/1*,,43950.6,,424.59,44375.19,45034.74
931/12103,POLITICA ECON.Y FISCAL/ OTROS COMPLEMENTOS,9*/1*,,4281.7,,41.36,4323.06,4177.88
931/13100,POLÍTICA ECONOMICA Y FISCAL/RETRIBUCIONES BÁSICAS,9*/1*,,176526.98,,0.0,176526.98,166807.69
931/15000,POLÍTICA ECON.Y FISCAL/PRODUCTIVIDAD,9*/15*,,12570.47,,0.0,12570.47,11547.1
931/16000,POLÍTICA ECON.Y FISCAL/ SEGURIDAD SOCIAL,9*/1*,,74014.07,,217.74,74231.81,71330.12
932/12001,GESTION SIST.TRIBUTARIO/SUELDOS GRUPO A2,9*/1*,,27195.4,,268.52,27463.92,45703.3
932/12006,GESTION SIST.TRIBUTARIO/TRIENIOS,9*/1*,,9047.84,,89.55,9137.39,13300.55
932/12100,GESTION SIST.TRIBUTARIO/COMPLEMENTO DE DESTINO,9*/1*,,12527.85,,123.12,12650.97,24236.81
932/12101,GESTION SIST.TRIBUTARIO/COMPLEMENTO ESPECIFICO,9*/1*,,26113.02,,256.62,26369.64,54971.14
932/12103,GESTION SIST. TRIBUTARIO/OTROS COMPLEMENTOS,9*/1*,,3794.05,,37.28,3831.33,6067.08
932/13000,GESTION SIST. TRIBUTARIO/RETRIBUCIONES BASICAS,9*/1*,,27309.49,,0.0,27309.49,22687.19
932/13002,GESTION SIST.TRIBUTARIO/OTRAS REMUNERACIONES,9*/1*,,6401.54,,0.0,6401.54,6177.81
932/13100,GESTIÓN DEL SISTEMA TRIBUTARIO/RETRIBUCIONES BÁSICAS,9*/1*,,183063.24,,0.0,183063.24,179542.44
932/15000,GESTIÓN SIST.TRIBUTARIO/PRODUCTIVIDAD,9*/15*,,11698.72,,0.0,11698.72,14555.35
932/16000,GESTIÓN SIST.TRIBUTARIO/SEGURIDAD SOCIAL,9*/1*,,90205.5,,0.0,90205.5,90767.38
932/22699,GESTIÓN DEL SISTEMA TRIBUTARIO/ OTROS GASTOS DIVERSOS,932*/22*,,0.0,,0.0,0.0,16.94
932/22706,GESTIÓN DEL SISTEMA TRIBUTARIO/ ESTUDIOS Y TRABAJOS TÉCNICOS,932*/22*,,60000.0,,0.0,60000.0,35887.5
932/22708,GESTION SIST. TRIBUTARIO/SERVICIOS DE RECAUDACIÓN,932*/22*,,1950000.0,,0.0,1950000.0,1837186.09
932/22799,GESTIÓN DEL SISTEMA TRIBUTARIO/ OTROS TRABAJOS REALIZADOS POR OTRAS EMPRESAS Y PROFESIONALES,932*/22*,,0.0,,0.0,0.0,15844.17
933/12001,GESTIÓN DEL PATRIMONIO/SUELDOS GRUPO A2,9*/1*,,343.96,,0.0,343.96,1156.82
933/12006,GESTION DEL PATRIMONIO/ TRIENIOS,9*/1*,,87.27,,0.0,87.27,0.0
933/12100,GESTION DEL PATRIMONIO/ COMPLEMENTO DE DESTINO,9*/1*,,216.25,,0.0,216.25,0.0
933/12101,GESTION DEL PATRIMONIO/ COMPLEMENTO ESPECIFICO,9*/1*,,450.74,,0.0,450.74,0.0
933/12103,GESTION DEL PATRIMONIO/ OTROS COMPLEMENTOS,9*/1*,,65.49,,0.0,65.49,0.0
933/13100,GESTIÓN DE PATRIMONIO/RETRIBUCIONES BÁSICAS,9*/1*,,52584.91,,0.0,52584.91,42342.68
933/16000,GESTION DEL PATRIMONIO/SEGURIDAD SOCIAL,9*/1*,,16099.89,,0.0,16099.89,4423.97
933/21200,GES. PATRIMONIO/REP.MANT.EDIFICIOS Y OT.CONSTRUCCI,933*/21*,,150878.2,,1783.35,152661.55,89436.55
933/22100,GESTION DEL PATRIMONIO/ENERGIA ELECTRICA,933*/22*,,264000.0,,0.0,264000.0,248437.67
933/22706,GESTIÓN DEL PATRIMONIO/ESTUDIOS Y TRABAJOS TÉCNICOS,933*/22*,,1000.0,,0.0,1000.0,269.61
933/22799,GES. PATRIMONIO/OT.TRAB. REALIZ.OT.EMPRESAS Y PROF,933*/22*,,0.0,,129624.35,129624.35,129624.35
933/60000,GESTIÓN DEL PATRIMONIO/ INVERSIÓN EN TERRENOS,933*/60*,,400000.0,,0.0,400000.0,0.0
933/62200,GESTIÓN DEL PATRIMONIO/EDIFICIOS Y OTRAS CONSTRUCCIONES,933*/62*,,600000.0,,47374.37,647374.37,46668.81
933/62900,GESTIÓN DEL PATRIMONIO/ OTRAS INVERSIONES NUEVAS ASOCIADAS AL FUNCIONAMIENTO DE LOS SERVICIOS,933*/62*,,0.0,,0.0,0.0,0.0
934/12000,GEST.DEUDA Y TESORERÍA/SUELDOS GRUPO A1,9*/1*,,15863.27,,155.27,16018.54,17889.86
934/12001,GEST.DEUDA Y TESORERÍA/SUELDOS GRUPO A2,9*/1*,,13769.68,,134.26,13903.94,14179.09
934/12004,GEST.DEUDA Y TESORERÍA/SUELDOS GRUPO C2,9*/1*,,8681.53,,83.9,8765.43,3131.72
934/12006,GEST.DEUDA Y TESORERÍA/TRIENIOS,9*/1*,,11677.12,,114.17,11791.29,9235.83
934/12100,GEST.DEUDA Y TESORERÍA/COMPLEMENTO DE DESTINO,9*/1*,,22203.91,,214.51,22418.42,19757.95
934/12101,GEST.DEUDA Y TESORERÍA/COMPLEMENTO ESPECIFICO,9*/1*,,53826.54,,521.01,54347.55,47482.77
934/12103,GEST.DEUDA YTESORERÍA/OTROS COMPLEMENTOS,9*/1*,,5593.14,,41.36,5634.5,4665.26
934/13100,GESTIÓN DE LA DEUDA Y DE LA TESORERÍA/RETRIBUCIONES BÁSICAS,9*/1*,,31438.76,,0.0,31438.76,31231.97
934/15000,GESTION DEUDA Y TESORERÍA/PRODUCTIVIDAD,9*/15*,,20823.37,,0.0,20823.37,13217.74
934/16000,GEST.DEUDA Y TESORERIA/SEGURIDAD SOCIAL,9*/1*,,41508.71,,301.92,41810.63,34082.37
934/35200,GESTIÓN DEUDA Y TESORERÍA/INTERESES DE DEMORA,9*/3*,,125000.0,,-23000.0,102000.0,64957.15
934/35900,GESTIÓN DEUDA Y TESORERIA/OT.GASTOS FINANCIEROS,9*/3*,,3000.0,,0.0,3000.0,234.63
934/35901,GESTION DEUDA Y TESORERIA/ SERV. BANC.Y SIMILARES,9*/3*,,10000.0,,0.0,10000.0,8232.06
943/46700,TRANSF..OT.ENTIDADES LOC./ A CONSORCIOS,943*/46*,,404470.52,,-11508.84,392961.68,392961.68
