#Código de la Partida,Descripción,Vinculación,,Inicial,,Modificación,Actual,O
130/12000,ADMINISTRACIÓN GRAL DE LA SEGURIDAD Y PROTECCIÓN CIVIL/ SUELDOS DEL GRUPO A1,1*/1*,,3590.85,,35.91,3626.76,0.0
130/12100,ADMINISTRACIÓN GRAL DE LA SEGURIDAD Y PROTECCIÓN CIVIL/ COMPLEMENTO DE DESTINO,1*/1*,,2350.63,,23.51,2374.14,0.0
130/12101,ADMINISTRACIÓN GRAL DE LA SEGURIDAD Y PROTECCIÓN CIVIL/ COMPLEMENTO ESPECÍFICO,1*/1*,,4208.07,,42.08,4250.15,0.0
130/12103,ADMINISTRACIÓN GRAL DE LA SEGURIDAD Y PROTECCIÓN CIVIL/ OTROS COMPLEMENTOS,1*/1*,,546.4,,5.46,551.86,0.0
130/13100,ADMT.GRAL.SEG.Y PROT/RETRIBUCIONES BÁSICAS LAB.TEM,1*/1*,,190456.84,,2069.34,192526.18,226528.28
130/15000,ADMINISTRACIÓN GRAL DE LA SEGURIDAD Y PROTECCIÓN CIVIL/ PRODUCTIVIDAD,1*/15*,,1833.03,,0.0,1833.03,0.0
130/16000,ADMT.GRAL.SEG.Y PROT./ SEGURIDAD SOCIAL,1*/1*,,61389.81,,673.43,62063.24,55019.86
130/21200,ADMT.GRAL.SEG.Y PROT/REP.Y CONS.EDIF.Y OT.CONSTRUC,130*/21*,,1500.0,,0.0,1500.0,0.0
132/12000,SEGURIDAD Y ORDEN PÚBLICO/ RETRIBUCIONES BASICAS GRUPO A1,1*/1*,,14824.22,,170.24,14994.46,15281.61
132/12001,SEGURIDAD Y ORDEN PÚBLICO/ RETRIBUCIONES BASICAS GRUPO A2,1*/1*,,112857.47,,1128.57,113986.04,149843.86
132/12003,SEGURIDAD Y ORDEN PÚBLICO/ RETRIBUCIONES BASICAS GRUPO C1,1*/1*,,1078036.35,,10780.36,1088816.71,1265866.86
132/12006,SEGURIDAD Y ORDEN PÚBLICO/ TRIENIOS,1*/1*,,223082.34,,2230.82,225313.16,203512.16
132/12100,SEGURIDAD Y ORDEN PÚBLICO/ COMPLEMENTO DE DESTINO,1*/1*,,729961.3,,7299.61,737260.91,647356.11
132/12101,SEGURIDAD Y ORDEN PÚBLICO/ COMPLEMENTO ESPECIFICO,1*/1*,,1677554.27,,14345.54,1691899.81,1543653.67
132/12103,SEGURIDAD Y ORDEN PÚBLICO/ OTROS COMPLEMENTOS,1*/1*,,470422.6,,1862.23,472284.83,376890.69
132/15000,SEGURIDAD Y ORDEN PÚBLICO/ PRODUCTIVIDAD,1*/15*,,238721.11,,0.0,238721.11,205433.86
132/16000,SEGURIDAD Y ORDEN PÚBLICO/ SEGURIDAD SOCIAL,1*/1*,,1219963.3,,11422.03,1231385.33,1055380.82
132/16204,SEGURIDAD Y ORDEN PÚBLICO/ ACCIÓN SOCIAL,1*/1*,,4327.2,,0.0,4327.2,4327.2
132/21500,SEGURIDAD Y ORDEN PÚBLICO/ REP.MANTNMTO Y CONSERV. MOBILIARIO Y ENSERES,132*/21*,,3000.0,,0.0,3000.0,1631.96
132/22104,SEGURIDAD Y ORDEN PÚBLICO/VESTUARIO,132*/22*,,68306.97,,48000.0,116306.97,12248.55
132/22199,SEGURIDAD Y ORDEN PÚBLICO/ OTROS SUMINISTROS,132*/22*,,3500.0,,0.0,3500.0,7059.01
132/22699,SEGURIDAD Y ORDEN PÚBLICO/ OTROS GASTOS DIVERSOS,132*/22*,,4000.0,,0.0,4000.0,23836.56
132/22799,SEGURIDAD Y ORDEN PÚBLICO/ OTROS TRABAJOS REALIZADOS POR OTRAS EMPRESAS Y PROFESIONALES,132*/22*,,0.0,,60000.0,60000.0,16078.73
132/62221,Seguridad y orden público/Cuartel policía local de Fañabe,132*/62*,,0.0,,13375.0,13375.0,0.0
132/62231,SEGURIDAD Y ORDEN PÚBLICO/ CUARTEL POLICÍA LOCAL DE LAS TORRES,132*/62*,,1820327.87,,0.0,1820327.87,7490.0
132/62400,Seguridad y orden público/Elementos de transporte,132*/62*,,0.0,,100000.52,100000.52,0.0
132/62500,SEGURIDAD Y ORDEN PÚBLICO/ MOBILIARIO,132*/62*,,0.0,,0.0,0.0,6917.9
132/62900,SEGURIDAD Y ORDEN PÚBLICO/ OTRAS INVERSIONES NUEVAS ASOC.AL FUNCIONAMIENTO OP DE LOS SS.,132*/62*,,0.0,,20000.0,20000.0,0.0
133/13100,ORD.TRÁFICO Y ESTACIONAMNT/RETRIBUCIONES  BÁSICAS,1*/1*,,200543.69,,2005.44,202549.13,199828.92
133/16000,ORD.TRAFICO Y ESTACIONAMNTO/ SEGURIDAD SOCIAL,1*/1*,,69049.51,,690.5,69740.01,35841.5
133/21300,ORD.TRÁFICO Y ESTACINMNTO/REP.CONS.MAQ.INST.Y UTI,133*/21*,,5000.0,,0.0,5000.0,461.02
133/21400,ORDENACIÓN DEL TRÁFICO Y DEL ESTACIONAMIENTO/ REP. MNTNMTO Y CONSERVACIÓN ELEMENTOS DE TRANSPORTE,133*/21*,,0.0,,0.0,0.0,78.67
133/22104,ORD.TRÁFICO Y ESTACIONAMIENTO/ VESTUARIO,133*/22*,,2000.0,,0.0,2000.0,0.0
133/22199,ORD.TRAFICO Y ESTACIONAMNTO/ OTROS SUMINISTROS,133*/22*,,60000.0,,-20000.0,40000.0,13417.22
133/22799,ORD.TRÁFICO Y ESTCIONAMNTO/OT.TRABJOS.REAL.OT.EMPR,133*/22*,,552288.02,,-92334.75,459953.27,411615.59
133/60958,Ordenación del tráfico y del estacionamiento/aparcamiento en superficie en Calle Castilla,133*/60*,,0.0,,0.0,0.0,0.0
133/62232,Ordenación del tráfico y del estacionamiento/Aparcamiento subterraneo de la Casa Fuerte,133*/62*,,0.0,,3178076.34,3178076.34,2463503.06
133/62233,ORDENACIÓN DEL TRÁFICO Y DEL ESTACIONAMIENTO/APARCAMIENTO SUBTERRÁNEO EN TIERRA LAVADA,133*/62*,,0.0,,4320000.0,4320000.0,31621.18
135/13100,PROTECCIÓN CIVIL /RETRBUCIONES BÁSICAS LAB.TEMPORA,1*/1*,,440572.74,,-15237.09,425335.65,404263.71
135/16000,PROTECCIÓN CIVIL/ SEGURIDAD SOCIAL,1*/1*,,143219.2,,5466.12,148685.32,118464.35
135/21400,PROTECCIÓN CIVIL/ REP.MNTNMTO Y CONSERVACIÓN ELEMENTOS DE TRANSPORTE,135*/21*,,6000.0,,0.0,6000.0,589.8
135/22103,PROTECCIÓN CIVIL/ COMBUSTIBLE Y CARBURANTES,135*/22*,,15000.0,,0.0,15000.0,2070.38
135/22104,PROTECCION CIVIL/VESTUARIO,135*/22*,,5000.0,,0.0,5000.0,3612.72
135/22106,PROTECCIÓN CIVIL/PRODUCTOS FARMACÉUTICOS Y MATERIAL SANITARIO,135*/22*,,5000.0,,0.0,5000.0,0.0
135/22199,PROTECCIÓN CIVIL/ OTROS SUMINISTROS,135*/22*,,3000.0,,0.0,3000.0,10884.18
135/22799,PROTECCIÓN CIVIL/OTROS TRABAJOS REALIZADOS POR OTRAS EMPRESAS,135*/22*,,125000.0,,47637.09,172637.09,102543.65
135/48900,PROTECCIÓN  CIVIL/OTRAS TRANSFERENCIAS,135*/48*,,40000.0,,0.0,40000.0,40000.0
135/62500,Protección Civil/Mobiliario y Enseres,135*/62*,,3000.0,,0.0,3000.0,1586.0
135/62535,PROTECCIÓN CIVIL/ TAQUILLAS PARA VESTUARIO,135*/62*,,1000.0,,0.0,1000.0,0.0
151/12000,URBANISMO/ RESTRIBUCIONES BASICAS,1*/1*,,23241.28,,232.41,23473.69,2749.51
151/12001,URBANISMO / RETRIBUCIONES BÁSICAS GRUPO A2,1*/1*,,12800.14,,128.0,12928.14,0.0
151/12100,URBANISMO/ COMPLEMENTO DE DESTINO,1*/1*,,21095.11,,210.95,21306.06,1493.21
151/12101,URBANISMO / COMPLEMENTO ESPECIFICO,1*/1*,,38631.57,,386.32,39017.89,3098.51
151/12103,URBANISMO/ OTROS COMPLEMENTOS,1*/1*,,5417.08,,54.17,5471.25,415.74
151/13000,URBANISMO/ RETRIBUCIONES BÁSICAS,1*/1*,,36329.96,,363.3,36693.26,36756.1
151/13002,URBANISMO/ OTRAS REMUNERACIONES,1*/1*,,8388.0,,83.88,8471.88,8408.94
151/13100,URBANISMO / RETRIBUCIONES BASICAS LAB.TEMPORAL,1*/1*,,421870.9,,4218.71,426089.61,393504.24
151/15000,URBANISMO / PRODUCTIVIDAD,1*/15*,,17990.31,,0.0,17990.31,208.69
151/16000,URBANISMO/ SEGURIDAD SOCIAL,1*/1*,,172691.9,,0.0,172691.9,129716.93
151/22699,URBANISMO / OTROS GASTOS DIVERSOS,151*/22*,,0.0,,0.0,0.0,1116.21
151/22706,URBANISMO/ ESTUDIOS Y TRABAJOS TECNICOS,151*/22*,,150000.0,,239883.02,389883.02,313737.28
151/22799,URBANISMO/ OTROS TRABAJOS REALIZADOS OTRAS EMPRESA,151*/22*,,50000.0,,-3900.0,46100.0,43590.38
151/60000,"Urbanismo:Planeamiento,gestión,ejecución y disciplina urbaníastica/Inversión en terrenos",151*/60*,,0.0,,1647392.58,1647392.58,1423226.0
1522/22799,CONSERVACIÓN Y REHABILITACIÓN DE LA EDIFICACIÓN/OT.TRABJOS.REALZDOS OT.EMPRESAS Y PROFESI,152*/22*,,31460.0,,0.0,31460.0,31460.0
1522/74000,Conservación y rehabilitación de la edificación/A entes públicos y sociedades mercantil de la E.L.,152*/74*,,0.0,,29175.43,29175.43,29175.43
153/60960,Vías Públicas/Plataforma-Mirador sobre el Barranco de las Salinas,153*/60*,,0.0,,4236.21,4236.21,0.0
1531/60942,ACCESO A NÚCLEOS DE POBLACIÓN/ VÍA DE INTERCONEXIÓN PLAYA PARAÍSO - LA CALETA,153*/60*,,141475.14,,1405693.4,1547168.54,0.0
1531/60955,ACCESOS A NUCLEOS DE POBLACIÓN/VÍA CONEXIÓN ENTRE URB.UN POSTO AL Y CALLAO SALVAJE,153*/60*,,133750.0,,0.0,133750.0,0.0
1532/22501,PAVIMENTACIÓN DE VÍAS PÚBLICAS/ TRIBUTOS DE LAS COMUNIDADES AUTÓNOMAS,153*/22*,,300.0,,0.0,300.0,0.0
1532/22698,PAVIMENTACIÓN DE VÍAS PÚBLICAS/ RESPONSABILIDAD PATRIMONIAL,153*/22*,,0.0,,3900.0,3900.0,3900.0
1532/22799,PAVIMENTACIÓN DE VIAS PUBLICAS/OT.TRAB.REALZ.OT.EMP.Y PROFESIONALES,153*/22*,,1878720.89,,187800.76,2066521.65,2051743.98
1532/60956,PAVIMENTACIÓN DE VÍAS PÚBLICAS/REMODELACIÓN CALLE ROMA,153*/60*,,144639.41,,284972.05,429611.46,11770.0
1532/60957,pavimentación de vías públicas/Remodelación Calle  Paris,153*/60*,,0.0,,534651.23,534651.23,17850.5
1532/61927,Pavimentación de vías públicas/Plan de embellecimiento de vías públicas,153*/61*,,0.0,,12441.49,12441.49,12441.49
1532/61932,"PAVIMENTACIÓN VÍAS PÚBLICAS/ PAVIMENTACIÓN, MEJORAS Y AMPLIACIÓN DE VÍAS PÚBLICAS",153*/61*,,749000.0,,5383785.9,6132785.9,415774.09
1532/76101,"Pavimentación de vías públicas/Transferencia al Cabildo, Rotonda de Armeñime",153*/76*,,0.0,,568331.46,568331.46,0.0
160/21000,ALCANTARILLADO/REP.MANTNMTO Y CONS.INSFRAESTRUCTURA Y BIENES NATURALES,160*/21*,,150000.0,,126000.0,276000.0,143715.09
160/22100,ALCANTARILLADO/ENERGÍA ELÉCTRICA,160*/22*,,303239.0,,-35000.0,268239.0,254908.06
160/22706,ALCANTARILLADO/ESTUDIOS Y TRABAJOS TÉCNICOS,160*/22*,,40000.0,,0.0,40000.0,27178.0
160/22797,ALCANTARILLADO/SERVICIO SANEAMIENTO,160*/22*,,4105650.13,,-90000.0,4015650.13,4015538.33
160/60900,ALCANTARILLADO/OTRAS INVERSIONES NUEVAS EN INFRAEST.Y BB DEST. USO GRAL,160*/60*,,67160.0,,0.0,67160.0,0.0
160/60901,ALCANTARILLADO/CONST. SISTEMA ELEVACIÓN AGUAS RESIDUALES AL COLECTOR GRAL. DE LA CALETA,160*/60*,,424028.32,,1234021.84,1658050.16,0.0
160/60934,ALCANTATILLADO/ AZUDES DE ESCORRENTIAS EN TORVISCAS Y MONTAÑETA,160*/60*,,0.0,,1310061.55,1310061.55,0.0
160/60943,ALCANTARILLADO/ SANEAMIENTO DEL PUERTITO,160*/60*,,64200.0,,0.0,64200.0,17542.64
160/60945,ALCANTARILLADO/ COLECTOR DE PLUVIALES EN LA C/ WALTER PAETZMANN,160*/60*,,144000.0,,214000.0,358000.0,0.0
160/60948,Alcantarillado/Estación de bombeo Callao Salvaje,160*/60*,,63250.0,,0.0,63250.0,2366.0
161/12001,ABASTECIMIENTO DOMICILIARIO DE AGUA POTABLE/ SUELDO GRUPO A2,1*/1*,,13035.6,,130.36,13165.96,13351.42
161/12004,Abastecimiento domiciliario de agua potable/SUELDOS GRUPO C2,1*/1*,,8462.46,,84.62,8547.08,8681.84
161/12006,Abastecimiento domiciliario de agua potable/TRIENIOS,1*/1*,,8265.52,,82.66,8348.18,8289.42
161/12100,Abastecimiento domiciliario de agua potable/COMPLEMENTO DE DESTINO,1*/1*,,9894.92,,98.95,9993.87,9923.2
161/12101,Abastecimiento domiciliario de agua potable/COMPLEMENTO ESPECIFICO,1*/1*,,23158.1,,231.58,23389.68,23224.26
161/12103,Abastecimiento domiciliario de agua potable/OTROS COMPLEMENTOS,1*/1*,,3162.6,,31.63,3194.23,3171.6
161/13100,ABASTACIMIENTO DOMICILIARIO DE AGUA POTABLE/RETRIBUCIONES BASICAS,1*/1*,,25279.63,,252.8,25532.43,24713.74
161/15000,Abastecimiento domiciliario de agua potable/PRODUCTIVIDAD,1*/15*,,10862.48,,0.0,10862.48,9061.52
161/16000,Abastecimiento domiciliario de agua potable/ SEGURIDAD SOCIAL,1*/1*,,29457.31,,294.57,29751.88,28541.16
161/21000,ABASTECIMIENTO DOMICILIARIO DE AGUA POTABLE/REP.CONS.INFRAES.Y BB.NATUR,161*/21*,,125000.0,,146449.96,271449.96,125340.24
161/22100,ABASTECIMIENTO DOMICILIARIO DE AGUA POTABLE/ ENERGIA ELÉCTRICA,161*/22*,,1058001.43,,-146449.96,911551.47,853401.04
161/22101,ABASTECIMIENTO DOMICILIARIO DE AGUA POTABLE/ AGUA,161*/22*,,6000000.0,,0.0,6000000.0,5875071.96
161/22798,ABASTECIMIENTO DOMICILIARIO DE AGUA POTABLE/SS.ABAST.Y DIST.AGU,161*/22*,,15476827.0,,125000.0,15601827.0,15713987.04
161/60901,Abastecimiento domiciliario de agua potable/Const.Sist.Elev.aguas residuales al colector gral.,161*/60*,,0.0,,0.0,0.0,0.0
161/60917,ABASTECIMIENTO DOMICILIARIO DE AGUA POTABLE/DEPÓSITO DE RESERVA AGUA FAÑABE,161*/60*,,570048.65,,37022.0,607070.65,142270.65
161/60941,ABSTECMNTO DOMICILIARIO AGUA POTABLE/ INSTALACIONES DE TUBERÍAS DE TRANSPORTE DE AGUA,161*/60*,,71459.0,,631582.1,703041.1,18457.5
161/60947,ABASTECIMIENTO DOMICILIARIO DE AGUA POTABLE/ DEPÓSITO REGULADOR AGUA PARA ADEJE CASCO,161*/60*,,25000.0,,0.0,25000.0,0.0
161/60950,Abastecimiento domiciliario de agua potable/presa la agrícola,161*/60*,,0.0,,53454.82,53454.82,53454.82
161/60962,Abastecimiento domiciliario de agua potable/Depósito regulador de agua para Taucho segundo,161*/60*,,25000.0,,0.0,25000.0,0.0
161/60965,ABASTECIMIENTO DOMICILIARIO DE AGUA POTABLE/ DEPÓSITO DE AGUA DEL MADROÑAL,161*/60*,,50684.0,,0.0,50684.0,0.0
1621/13100,RECOGIDA DE RESIDUOS/RETRIBUCIONES BÁSICAS,1*/1*,,33014.34,,330.14,33344.48,26701.28
1621/16000,RECOGIDA DE RESIDUOS/SEGURIDAD SOCIAL,1*/1*,,10367.01,,103.67,10470.68,8953.37
1621/22700,RECODIDA DE RESIDUOS/LIMPIEZA Y ASEO,162*/22*,,66859.29,,2785.8,69645.09,64073.51
1621/22706,RECOGIDA DE RESIDUOS/ESTUDIOS Y TRABAJOS TÉCNICOS,162*/22*,,0.0,,0.0,0.0,10700.0
1621/22710,RECOGIDA DE RESIDUOS/RECOGIDA DOM.DE BASURA,162*/22*,,4298387.36,,-540400.0,3757987.36,3521487.65
1621/60900,RECOGIDA DE RESIDUOS/OTRAS INVERSIONES NUEVAS EN INFRAESTRUCTURAS Y BB. DESTINADOS USO GRAL,162*/60*,,0.0,,20000.0,20000.0,20000.0
1621/62920,RECOGIDA DE RESIDUOS/ CONTENEDORES SOTERRADOS,162*/62*,,0.0,,521122.71,521122.71,0.0
1623/22712,TRATAMIENTO DE RESIDUOS/SS.TRATAMNTO RES.SÓLIDO,162*/22*,,2357680.3,,-81470.02,2276210.28,2257258.85
163/22711,LIMPIEZA VIARIA/ SERVICIO DE LIMPIEZA VIARIA,163*/22*,,5361591.52,,-729011.98,4632579.54,4499253.24
164/13000,CEMENTERIOS Y SERVICIOS FUNERARIOS/ RETRIBUCIONES BÁSICAS,1*/1*,,21750.8,,217.51,21968.31,22016.48
164/13002,CEMENTERIOS Y SERVICIOS FUNERARIOS/ OTRAS REMUNERACIONES,1*/1*,,6401.52,,64.02,6465.54,6417.54
164/13100,CEMEN.Y SS FUNE/ RETRIBUCIONES BÁSICAS LAB.TEMP,1*/1*,,822.66,,0.0,822.66,0.0
164/16000,CEMEN. Y SS.FUNE/SEGURIDAD SOCIAL,1*/1*,,8923.34,,89.23,9012.57,8786.04
164/22102,CEMENTERIO Y SERVICIOS FUNERARIOS/ GAS,164*/22*,,8000.0,,-8000.0,0.0,0.0
164/22799,CEMENT.Y SERV. FUN./ OT TRAB. REALZ. OT. EMPRESAS,164*/22*,,74326.3,,14609.96,88936.26,88719.46
164/62222,CEMENTERIO Y SERVICIOS FUNERARIOS/NICHOS DE RESTOS CEMENTERIO MUNICIPAL,164*/62*,,319672.13,,68768.13,388440.26,0.0
165/13100,ALUMBRADO PÚBLICO/RETRIBUCIONES BÁSICAS,1*/1*,,51866.19,,526.89,52393.08,50681.84
165/16000,ALUMBRADO PÚBLICO/ SEGURIDAD SOCIAL,1*/1*,,18910.22,,189.1,19099.32,18549.48
165/21000,ALUMBRADO PÚB/REP.MANT.Y CONS.INFRAEST.Y BB.NATURA,165*/21*,,189000.0,,-50000.0,139000.0,39357.49
165/22100,ALUMBRADO PÚBLICO/ENERGÍA ELÉCTRICA,165*/22*,,660000.0,,50000.0,710000.0,633122.48
165/22706,ALUMBRADO PÚBLICO/ESTUDIOS Y TRABAJOS TÉCNICOS,165*/22*,,43000.0,,0.0,43000.0,0.0
165/22799,ALUMBRADO PÚB/OT.TRBJOS REALI.OT.EMPRESAS Y PROFES,165*/22*,,575000.0,,0.0,575000.0,693507.34
165/61919,ALUMBRADO PÚBLICO/MEJORA ALUMBRADO PÚBLICO DE LOS BARRIOS,165*/61*,,86225.0,,272478.99,358703.99,20170.23
170/13100,ADMT.GRAL.MDIO AMBNT/RETRIBUCIONES BÁSICAS LAB.TEM,1*/1*,,97689.72,,976.9,98666.62,91297.76
170/16000,ADMT.GRAL MDIO AMBNTE/SEGURIDAD SOCIAL,1*/1*,,30091.43,,300.91,30392.34,28758.81
171/22799,PARQUES Y JARDINES/OT.TRBJOS.REAL.OT.EMPRESAS Y PR,171*/22*,,2707627.38,,254408.19,2962035.57,2858400.96
171/60911,Parques y jardines/Plan de mobiliario urbano en el municipio,171*/60*,,0.0,,80799.9,80799.9,41886.48
171/61933,PARQUES Y JARDINES/ REFORMA Y ACONDICIONAMIENTO DE PARQUES Y JARDINES,171*/61*,,371000.0,,2799000.0,3170000.0,11813.69
171/61934,PARQUES Y JARDINES/ REFORMAS Y ACONDICIONAMIENTO DE PARQUES INFANTILES,171*/61*,,0.0,,195763.46,195763.46,114137.71
171/62320,PARQUES Y JARDINES/ UTILLAJE,171*/62*,,0.0,,4500.0,4500.0,0.0
172/20800,PROTECCIÓN Y MEJORA DEL MEDIO AMBIENTE/ARRENDT. OT.INMV.MATERIAL,172*/20*,,2000.0,,0.0,2000.0,699.39
172/21301,PROTECCIÓN Y MEJORA DEL MEDIO AMBIENTE/ REP.MNTNMTO Y CONSERVACIÓN PLANTA FOTOVOLTÁICA,172*/21*,,12000.0,,0.0,12000.0,9285.26
172/22103,PROTECCIÓN Y MEJORA DEL MEDIO AMBIENTE / COMBUSTIBLES Y CARBURANTES,172*/22*,,0.0,,0.0,0.0,60.0
172/22104,PROTECCIÓN Y MEJORA DEL MEDIO AMBIENTE/VESTUARIO,172*/22*,,1000.0,,0.0,1000.0,599.78
172/22199,PROTECCIÓN Y MEJORA DEL MEDIO AMBIENTE/OT. SUMINISTROS,172*/22*,,19000.0,,-9000.0,10000.0,813.67
172/22500,PROTECCIÓN Y MEJORA DEL MEDIO AMBIENTE/TRIBUTOS ESTATALES,172*/22*,,10000.0,,0.0,10000.0,8149.89
172/22502,PROT.Y MEJ. MDIO AMBNTE/TRIBUTOS ENTIDADES LOCALES,172*/22*,,210.0,,0.0,210.0,203.06
172/22602,PROTECCIÓN Y MEJORA DEL MEDIO AMBIENTE/PÚBLICIDAD Y PROPAGANDA,172*/22*,,6500.0,,0.0,6500.0,92.02
172/22699,PRO.Y MEJ.MDIO AMBNTE/OTROS GASTOS DIVERSOS,172*/22*,,1050.0,,0.0,1050.0,2578.07
172/22706,PROTECCIÓN Y MEJORA DEL MEDIO AMBIENTE/ESTUDIOS Y TRABAJOS TÉCNICOS,172*/22*,,63000.0,,-33000.0,30000.0,0.0
172/22799,PRO.Y MEJ.MDIO AMB/OT.TRBJOS REA.OT.EMPRESAS Y PRO,172*/22*,,24760.0,,-18244.29,6515.71,0.0
172/60932,PROTECCIÓN Y MEJORA DEL MEDIO AMBIENTE/RED DE SENDEROS DE ADEJE,172*/60*,,16958.87,,-12409.86,4549.01,0.0
172/62300,PROTECCIÓN Y MEJORA DEL MEDIO AMBIENTE/ MAQUINARIA,172*/62*,,0.0,,3000.0,3000.0,2357.04
172/62320,PROTECCIÓN Y MEJORA DEL MEDIO AMBIENTE/ UTILLAJE,172*/62*,,0.0,,1500.0,1500.0,2021.66
172/62949,PROTECCIÓN Y MEJORA DEL MEDIO AMBIENTE / GPS,172*/62*,,0.0,,12409.86,12409.86,12409.86
1722/13100,PLAYAS/ RETRIBUCIONES BÁSICAS,1*/1*,,44906.68,,449.07,45355.75,45355.75
1722/16000,PLAYAS/ SEGURIDAD SOCIAL,1*/1*,,14362.82,,143.63,14506.45,14506.59
1722/20800,PLAYAS/ARRENDAMIENTO DE OTRO INMOVILIZADO MATERIAL,172*/20*,,6000.0,,0.0,6000.0,3572.73
1722/22199,PLAYAS/OTROS SUMINISTROS.,172*/22*,,5000.0,,0.0,5000.0,0.0
1722/22500,PLAYAS/ TRIBUTOS ESTATALES,172*/22*,,126750.96,,0.0,126750.96,141194.39
1722/22602,PLAYAS / PUBLICIDAD Y PROPAGANDA,172*/22*,,2000.0,,0.0,2000.0,288.9
1722/22699,PLAYAS/ OTROS GASTOS DIVERSOS,172*/22*,,3000.0,,0.0,3000.0,9311.7
1722/22706,PLAYAS/ESTUDIO Y TRABAJOS TÉCNICOS.,172*/22*,,10000.0,,0.0,10000.0,7535.09
1722/22799,PLAYAS/OTROS TRABAJOS REALIZADOS POR OTRAS EMPRESA,172*/22*,,10000.0,,0.0,10000.0,13629.38
1722/60951,PLAYAS/ ACONDICIONAMIENTO ZONAS DE BAÑO,172*/60*,,0.0,,18244.29,18244.29,18244.29
231/12000,ASISTENCIA SOCIAL PRIMARIA/ SUELDOS DEL GRUPO A1,2*/1*,,14824.22,,148.24,14972.46,15184.74
231/12004,ASISTENCIA SOCIAL PRIMARIA/ SUELDOS GRUPO C2,2*/1*,,0.0,,0.0,0.0,4050.86
231/12005,ASISTENCIA SOCIAL PRIMARIA/SUELDOS GRUPO E,2*/1*,,7755.44,,77.55,7832.99,7959.8
231/12006,ASISTENCIA SOCIAL PRIMARIA/TRIENIOS,2*/1*,,3277.01,,32.77,3309.78,3286.77
231/12100,ASISTENCIA SOCIAL PRIMARIA/COMPLEMENTO DE DESTINO,2*/1*,,13232.66,,132.33,13364.99,14769.68
231/12101,ASISTENCIA SOCIAL PRIMARIA/COMPLEMENTO ESPECIFICO,2*/1*,,27382.46,,273.82,27656.28,29743.48
231/12103,ASISTENCIA SOCIAL PRIMARIA/OTROS COMPLEMENTOS,2*/1*,,3484.46,,34.84,3519.3,4127.36
231/13100,ASISTENCIA SOCIAL PRIMARIA/RETRIBUCIONES BÁSICAS LAB.TEMP,2*/1*,,653149.4,,191544.55,844693.95,674354.26
231/15000,ASISTENCIA SOCIAL PRIMARIA/PRODUCTIVIDAD,2*/15*,,11011.11,,0.0,11011.11,11553.04
231/16000,ASISTENCIA SOCIAL PRIMARIA/SEGURIDAD SOCIAL,2*/1*,,205566.09,,4850.31,210416.4,236868.63
231/16204,ASISTENCIA SOCIAL PRIMARIA/ ACCIÓN SOCIAL,2*/1*,,2163.6,,0.0,2163.6,2163.6
231/21200,ASISTENCIA SOCIAL PRIMARIA/REP. MANT.EDIF. Y OTRAS CONSTRUCC.,231*/21*,,2000.0,,0.0,2000.0,0.0
231/21501,Asistencia social primaria/Repar.Conserv. y mant. equipos oficina,231*/21*,,1000.0,,0.0,1000.0,29.49
231/22000,ASISTENCIA SOCIAL PRIMARIA/MAT.OFICINA ORD.NO INVENTARIABLE,231*/22*,,0.0,,0.0,0.0,0.0
231/22100,ASISTENCIA SOCIAL PRIMARIA/ENERGÍA ELÉCTRICA,231*/22*,,4000.0,,0.0,4000.0,2464.04
231/22199,ASISTENCIA SOCIAL PRIMARIA/OTROS SUMINISTROS,231*/22*,,1380.0,,-831.12,548.88,529.5
231/22200,ASISTENCIA SOCIAL PRIMARIA/SERVICIOS DE TELECOMUNICACIONES,231*/22*,,2100.0,,0.0,2100.0,1553.25
231/22300,ASISTENCIA SOCIAL PRIMARIA/TRANSPORTE,231*/22*,,2000.0,,0.0,2000.0,1133.0
231/22699,ASISTENCIA SOCIAL PRIMARIA/ OTROS GASTOS DIVERSOS,231*/22*,,0.0,,0.0,0.0,1891.72
231/22799,ASISTENCIA SOCIAL PRIMARIA/OT.TRBJOS.REALIZ.OT.EMPRESAS Y PROFE,231*/22*,,10000.0,,-3065.0,6935.0,657.94
231/48000,ASISTENCIA SOCIAL PRIMARIA/ATENCIONES BENEFICAS Y ASISTENCIALES,231*/48*,,254000.0,,838612.02,1092612.02,696175.81
231/48900,ASISTENCIA SOCIAL PRIMARIA/OTRAS TRANSFERENCIAS,231*/48*,,58500.0,,30000.0,88500.0,64000.0
231/62500,ASISTENCIA SOCIAL PRIMARIA/ MOBILIARIO Y ENSERES,231*/62*,,0.0,,1400.0,1400.0,690.85
231/62501,ASISTENCIA SOCIAL PRIMARIA/ EQUIPOS DE OFICINA,231*/62*,,0.0,,195.0,195.0,195.0
231/62530,ASISTENCIA SOCIAL PRIMARIA/ DESTRUCTORA DE PAPEL,231*/62*,,0.0,,1000.0,1000.0,620.6
231/62600,ASISTENCIA SOCIAL PRIMARIA/ EQUIPOS PARA PROCESOS DE INFORMACIÓN,231*/62*,,0.0,,470.0,470.0,470.0
231/62909,ASISTENCIA SOCIAL PRIMARIA/ INSTALACIÓN AIRE ACONDICIONADO,231*/62*,,0.0,,831.12,831.12,831.12
2311/12000,ASISTENCIA A PERSONAS DEPENDIENTES/SUELDOS  GRUPO A1,2*/1*,,14824.22,,148.24,14972.46,15161.88
2311/12100,ASISTENCIA A PERSONAS DEPENDIENTES/ COMPLEMENTO DE DESTINO,2*/1*,,8242.5,,82.42,8324.92,8266.06
2311/12101,ASISTENCIA A PERSONAS DEPENDIENTES/ COMPLEMENTO ESPECÍFICO,2*/1*,,15963.5,,159.64,16123.14,16009.1
2311/12103,ASISTENCIA A PERSONAS DEPENDIENTES/ OTROS COMPLEMENTOS,2*/1*,,2294.88,,22.95,2317.83,2301.44
2311/13100,ASISTENCIA A PERSONAS DEPENDIENTES/  RETRIBUCIONES BÁSICAS,2*/1*,,824132.45,,-67832.92,756299.53,677545.94
2311/15000,ASISTENCIA A PERSONAS DEPENDIENTES/ PRODUCTIVIDAD,2*/15*,,6721.11,,0.0,6721.11,5865.68
2311/16000,ASISTENCIA A PERSONAS DEPENDIENTES/  SEGURIDAD SOCIAL,2*/1*,,245417.66,,-10375.82,235041.84,219332.18
2311/20500,Asistencia a personas dependientes/Arrendamiento de mobiliario y enseres,2311*/20*,,1000.0,,0.0,1000.0,516.28
2311/21200,ASISTENCIA A PERSONAS DEPENDIENTES/ REP.MNTNMTO Y CONSERV. EDIFICIOS Y OTRAS CONSTRUCCIONES,2311*/21*,,25000.0,,0.0,25000.0,11826.02
2311/21500,ASISTENCIA A PERSONAS DEPENDIENTES/ REP.MNTNMTO Y CONSERV. MOBILIARIO Y ENSERES,2311*/21*,,3000.0,,0.0,3000.0,1148.11
2311/22102,ASISTENCIA A PERSONAS DEPENDIENTES/  GAS,2311*/22*,,20000.0,,0.0,20000.0,16896.09
2311/22104,ASISTENCIA A PERSONAS DEPENDIENTES/  VESTUARIOS,2311*/22*,,1150.0,,0.0,1150.0,1292.76
2311/22105,ASISTENCIA A PERSONAS DEPENDIENTES/ PRODUCTOS ALIMENTICIOS,2311*/22*,,0.0,,0.0,0.0,1008.77
2311/22106,ASISTENCIA A PERSONAL DEPENDIENTES/PRODUCTOS FARMACEUTICOS Y MATERIAL SANITARIO,2311*/22*,,600.0,,0.0,600.0,1131.44
2311/22199,ASISTENCIA A PERSONAS DEPENDIENTES/  OTROS SUMINISTROS,2311*/22*,,6800.0,,0.0,6800.0,7446.1
2311/22300,ASISTENCIA A PERSONAS DEPENDIENTES/  TRANSPORTE,2311*/22*,,7500.0,,0.0,7500.0,9223.95
2311/22602,ASISTENCIA A PERSONAS DEPENDIENTES/ PUBLICIDAD Y PROPAGANDA,2311*/22*,,1000.0,,-596.75,403.25,1391.0
2311/22609,Asistencia a personas dependientes/Actividades culturales y deportivas,2311*/22*,,2000.0,,0.0,2000.0,1294.7
2311/22699,ASISTENCIA A PERSONAS DEPENDIENTES/  OTROS GASTOS DIVERSOS,2311*/22*,,11000.0,,0.0,11000.0,12229.69
2311/22706,ASISTENCIA A PERSONAS DEPENDIENTES/ ESTUDIOS Y TRABAJOS TÉCNICOS,2311*/22*,,17000.0,,0.0,17000.0,2295.2
2311/22799,ASISTENCIA A PERSONAS DEPENDIENTES/OT.TRABAJOS  REALIZ. POR OTRAS EMP.,2311*/22*,,305210.81,,43411.13,348621.94,313186.58
2311/62226,asistencia a personas dependientes/Reformas y mejoras en el centro de atención a la discapacidad,2311*/62*,,0.0,,202000.0,202000.0,6017.5
2311/62900,ASISTENCIA A PERSONAS DEPENDIENTES/ OTRAS INVERSIONES NUEVAS ASOC. AL FUNC. DE LOS SERVICIOS,2311*/62*,,0.0,,596.75,596.75,596.75
2312/20500,PROMOCIÓN DE LA IGUALDAD DE GÉNERO/ ARRENDAMIENTO DE MOBILIARIO Y ENSERES,2312*/20*,,900.0,,0.0,900.0,96.3
2312/20800,PROMOCIÓN DE LA IGUALDAD DE GÉNERO/ ARRENDAMIENTO DE OTRO INMOVILIZADO MATERIAL,2312*/20*,,900.0,,0.0,900.0,800.0
2312/22105,PROMOCIÓN DE LA IGUALDAD DE GÉNERO/ PRODUCTOS ALIMENTICIOS,2312*/22*,,0.0,,0.0,0.0,1080.66
2312/22199,PROMOCIÓN DE LA IGUALDAD DE GÉNERO/ OTROS SUMINISTROS,2312*/22*,,1590.0,,0.0,1590.0,2005.29
2312/22300,PROMOCIÓN DE LA IGUALDAD DE GÉNERO/ TRANSPORTE,2312*/22*,,2300.0,,0.0,2300.0,1959.5
2312/22602,PROMOCIÓN DE LA IGUALDAD DE GÉNERO/ PUBLICIDAD Y PROPAGANDA,2312*/22*,,2000.0,,0.0,2000.0,1999.56
2312/22609,PROMOCIÓN DE LA IGUALDAD DE GÉNERO/ ACTIVIDADES CULTURALES Y DEPORTIVAS,2312*/22*,,4500.0,,0.0,4500.0,2579.01
2312/22699,PROMOCIÓN DE LA IGUALDAD DE GÉNERO/ OTROS GASTOS DIVERSOS,2312*/22*,,0.0,,0.0,0.0,0.0
2312/22706,PROMOCIÓN DE LA IGUALDAD DE GÉNERO/ ESTUDIOS Y TRABAJOS TÉCNICOS,2312*/22*,,16040.0,,0.0,16040.0,18480.53
2312/22799,Promoción de la igualdad de género/Otros trabajos realiz. ot. empresas,2312*/22*,,9200.0,,0.0,9200.0,4027.94
2312/48900,PROMOCIÓN DE LA IGUALDAD DE GÉNERO/ OTRAS TRANSFERENCIAS,2312*/48*,,1020.0,,0.0,1020.0,720.0
2313/21300,"RESIDENCIA DE MAYORES/REP. MANTNMTO Y CONSERV. MAQ.,INST.Y UTILLAJE",2313*/21*,,6000.0,,-6000.0,0.0,0.0
2313/21500,RESIDENCIA DE MAYORES JOSÉ ALMEIDA/ REP. MNTNMTO Y CONSER. DE MOBILIARIO Y ENSERES,2313*/21*,,6000.0,,0.0,6000.0,4128.7
2313/22102,RESIDENCIA DE MAYORES/GAS,2313*/22*,,20000.0,,0.0,20000.0,10764.0
2313/22106,RESIDENCIA DE MAYORES/PRODUCTOS FARMACEUTICOS,2313*/22*,,2000.0,,0.0,2000.0,827.59
2313/22199,RESIDENCIA DE MAYORES/OTROS SUMINISTROS,2313*/22*,,10000.0,,0.0,10000.0,3130.79
2313/22699,RESIDENCIA DE MAYORES/OTROS GASTOS DIVERSOS,2313*/22*,,3000.0,,0.0,3000.0,0.0
2313/22799,RESIDENCIA DE MAYORES/OT.TRABAJOS REALZ. OT. EMP.,2313*/22*,,483983.96,,0.0,483983.96,460181.39
2313/62200,Residencia de mayores Josë Almeida/Edificios y otras construcciones,2313*/62*,,0.0,,7673.96,7673.96,6314.57
2313/62500,Residencia de Mayores José Almeida/Mobiliario y Enseres,2313*/62*,,15000.0,,1923.05,16923.05,17855.65
2313/62900,RESIDENCIA DE MAYORES/ OTRAS INVERSIONES NUEVAS ASOC AL FUNCNMTO DE LOS SS,2313*/62*,,0.0,,2561.58,2561.58,2561.58
2313/62912,RESIDENCIA DE MAYORES/ DESFIBRILADOR,2313*/62*,,0.0,,1261.0,1261.0,0.0
2313/62954,RESIDENCIA DE MAYORES/ MENAJE RESIDENCIA MAYORES,2313*/62*,,0.0,,254.37,254.37,253.28
2314/13100,HOGAR DE MENORES/ RETRIBUCIONES BÁSICAS,2*/1*,,57711.04,,61897.11,119608.15,129393.6
2314/16000,HOGAR DE MENORES/ SEGURIDAD SOCIAL,2*/1*,,18667.8,,26466.68,45134.48,38715.27
2314/20200,Hogar de Menores/Arrendamiento de edificios y otras construcciones,2314*/20*,,10300.0,,0.0,10300.0,0.0
2314/21400,HOGAR DE MENORES/ REP. MANTNMTO Y CONSER. ELEMENTOS DE TRANSPORTE,2314*/21*,,1360.0,,0.0,1360.0,0.0
2314/21500,HOGAR DE MENORES/ REP. MANTNMTO Y CONSERV. MOBILIARIO Y ENSERES,2314*/21*,,600.0,,0.0,600.0,0.0
2314/22105,HOGAR DE MENORES/ PRODUCTOS ALIMENTICIOS,2314*/22*,,24000.0,,0.0,24000.0,9007.47
2314/22106,HOGAR DE MENORES/ PRODUCTOS FARMACÉUTICOS Y MATERIAL SANITARIO,2314*/22*,,600.0,,0.0,600.0,384.27
2314/22110,hogar de menores/Productos de limpieza y aseos,2314*/22*,,3000.0,,0.0,3000.0,694.75
2314/22199,HOGAR DE MENORES/ OTROS SUMINISTROS,2314*/22*,,22800.0,,0.0,22800.0,7638.65
2314/22200,Hogar de menores/Servicios de telecomunicaciones,2314*/22*,,700.0,,0.0,700.0,0.0
2314/22400,hogar de menores/Seguros,2314*/22*,,600.0,,0.0,600.0,0.0
2314/22699,HOGAR DE MENORES/ OTROS GASTOS DIVERSOS,2314*/22*,,7000.0,,363.27,7363.27,2706.62
2314/22799,HOGAR DE MENORES/ OTROS TRABAJOS REALIZADOS POR OTRAS EMPRESAS Y PROFESIONALES,2314*/22*,,30000.0,,0.0,30000.0,22308.75
2314/48900,HOGAR DE MENORES/ OTRAS TRANSFERENCIAS,2314*/48*,,4000.0,,9000.0,13000.0,2956.0
2314/62400,Hogar de Menores/Elementos de Transporte,2314*/62*,,0.0,,22606.23,22606.23,22606.23
2315/13100,CENTRO DE DÍA/ RETRIBUCIONES BÁSICAS,2*/1*,,45505.84,,29328.37,74834.21,63173.2
2315/16000,CENTRO DE DÍA/ SEGURIDAD SOCIAL,2*/1*,,14595.23,,145.95,14741.18,20183.73
2315/22105,CENTRO DE DÍA/ PRODUCTOS ALIMENTICIOS,2315*/22*,,3100.0,,0.0,3100.0,1378.38
2315/22199,CENTRO DE DÍA/ OTROS SUMINISTROS,2315*/22*,,3900.0,,0.0,3900.0,3406.03
2315/22300,CENTRO DE DÍA/ TRANSPORTE,2315*/22*,,13000.0,,0.0,13000.0,4183.7
2315/22699,CENTRO DE DÍA/ OTROS GASTOS DIVERSOS,2315*/22*,,1500.0,,0.0,1500.0,292.62
2315/22799,CENTRO DE DÍA/ OTROS TRABAJOS REALIZADOS POR OTRAS EMPRESAS Y PROFESIONALES,2315*/22*,,2000.0,,0.0,2000.0,0.0
241/13000,Fomento del Empleo/Retribuciones básicas,2*/1*,,40469.22,,404.69,40873.91,0.0
241/13002,Fomento del Empleo/Otras remuneraciones,2*/1*,,8711.28,,87.11,8798.39,0.0
241/13100,FOMENTO DEL EMPLEO/ RETRIBUCIONES BASICAS LAB.TEMP,2*/1*,,591436.0,,1789591.21,2381027.21,1183039.69
241/16000,FOMENTO DEL EMPLEO/ SEGURIDAD SOCIAL,2*/1*,,198048.12,,489738.41,687786.53,317812.36
241/16205,Fomento del Empleo/Seguros,2*/1*,,0.0,,970.0,970.0,0.0
241/20800,FOMENTO EMPLEO/ARRNDAMNTO DE OTRO INMOV.MATERIAL,241*/20*,,9000.0,,0.0,9000.0,3747.75
241/22000,FOMENTO EMPLEO/MAT. OFICINA ORD NO INVENTARIABLE,241*/22*,,500.0,,51752.23,52252.23,21151.75
241/22002,FOMENTO EMPLEO/MATERIAL INFORMÁTICO NO INVTRIABLE,241*/22*,,500.0,,7700.0,8200.0,1130.72
241/22102,FOMENTO DEL EMPLEO/ GAS,241*/22*,,100.0,,4700.0,4800.0,1477.25
241/22103,FOMENTO DEL EMPLEO/ COMBUSTIBLES Y CARBURANTES,241*/22*,,0.0,,0.0,0.0,375.0
241/22104,FOMENTO DEL EMPLEO/ VESTUARIO.,241*/22*,,15000.0,,38765.0,53765.0,20945.87
241/22105,FOMENTO DEL EMPLEO/PRODUCTOS ALIMENTICIOS,241*/22*,,3000.0,,84390.24,87390.24,40529.38
241/22106,Fomento del Empleo/ Productos farmacéuticos y material sanitario,241*/22*,,0.0,,300.0,300.0,26.56
241/22110,FOMENTO DEL EMPLEO/PRODUCTOS DE LIMPIEZA Y ASEO,241*/22*,,500.0,,9850.0,10350.0,3600.8
241/22199,FOMENTO DE EMPLEO/OTROS SUMINISTROS,241*/22*,,2000.0,,64865.75,66865.75,73005.84
241/22300,FOMENTO DEL EMPLEO/TRANSPORTE,241*/22*,,500.0,,9010.0,9510.0,3493.27
241/22602,FOMENTO DEL EMPLEO/ PUBLICIDAD Y PROPAGANDA,241*/22*,,0.0,,0.0,0.0,10892.02
241/22699,FOMENTO DEL EMPLEO/OTROS GASTOS DIVERSOS,241*/22*,,2000.0,,30080.0,32080.0,179.55
241/22706,FOMENTO DEL EMPLEO/ ESTUDIOS Y TRABAJOS TÉCNICOS.,241*/22*,,10000.0,,76366.09,86366.09,10769.63
241/22799,FOMENTO EMPLEO/OT.TRABJOS REALZ.OT.EMPRESAS Y PROF,241*/22*,,35555.88,,734167.38,769723.26,403264.37
241/23000,Fomento del Empleo/De los miembros de los órganos de gobierno,241*/23*,,1000.0,,-1000.0,0.0,0.0
241/23020,FOMENTO DEL EMPLEO/ DIETAS DEL PERSONAL NO DIRECTIVO,241*/23*,,1000.0,,-909.0,91.0,0.0
241/23100,Fomento del Empleo/LOCOMOCIÓN de los miembros de los órganos de gobierno,241*/23*,,2000.0,,-2000.0,0.0,0.0
241/23120,FOMENTO DEL EMPLEO/ LOCOMOCIÓN DEL PERSONAL NO DIRECTIVO,241*/23*,,2000.0,,-1322.0,678.0,0.0
241/48100,"FOMENTO DEL EMPLEO/PREMIOS,BECAS Y PENSIONES",241*/48*,,1500.0,,9475.0,10975.0,6090.0
241/62500,FOMENTO DEL EMPLEO/ MOBILIARIO Y ENSERES,241*/62*,,0.0,,5100.0,5100.0,1653.95
241/62600,FOMENTO DEL EMPLEO/ EQUIPOS PARA PROCESOS DE INFORMACIÓN,241*/62*,,0.0,,5301.0,5301.0,5301.0
241/62937,Fomento del Empleo/Menaje curso de cocina,241*/62*,,0.0,,3000.0,3000.0,1500.0
241/62941,Fomento del Empleo/Menaje curso restaurante,241*/62*,,0.0,,3000.0,3000.0,1500.0
241/62953,FOMENTO DEL EMPLEO/ COCINA INDUSTRIAL CDTCA,241*/62*,,0.0,,0.0,0.0,3214.28
311/13100,PROTECCIÓN DE LA SALUBRIDAD PÚBLICA/RETRIBUCIONES BASICAS,3*/1*,,119516.87,,1195.17,120712.04,134090.21
311/16000,PROTECCIÓN DE LA SALUBRIDAD PÚBLICA/SEGURIDAD SOCIAL,3*/1*,,37045.39,,370.45,37415.84,32938.68
311/20800,PROTECCIÓN DE LA SALUBRIDAD PÚBLICA/ ARRENDAMIENTO DE OTRO INMOVILIZADO MATERIAL,311*/20*,,3600.0,,0.0,3600.0,2734.38
311/21500,Protección de la salubridad pública/REP.MANTNMTO Y CONSERV. MOBILIARIO Y ENSERES,311*/21*,,400.0,,0.0,400.0,0.0
311/22106,PROTECCIÓN DE LA SALUBRIDAD PÚBLICA/ PRODUCTOS FARMACÉUTICOS Y MATERIAL SANITARIO,311*/22*,,1670.0,,0.0,1670.0,1406.42
311/22113,PROTECCIÓN DE LA SALUBRIDAD PÚBLICA/MANUTECIONES DE ANIMALES,311*/22*,,7000.0,,0.0,7000.0,0.0
311/22199,PROTECCIÓN DE LA SALUBRIDAD PÚBLICA/OTROS SUMINISTROS,311*/22*,,11325.0,,0.0,11325.0,16197.47
311/22602,PROTECCIÓN A LA SALUBRIDAD PÚBLICA/ PUBLICIDAD Y PROPAGANDA,311*/22*,,12490.0,,-1728.05,10761.95,7574.74
311/22609,PROTECCIÓN DE LA SALUBRIDAD PÚBLICA/ ACTIVIDADES CULTURALES Y DEPORTIVAS,311*/22*,,500.0,,0.0,500.0,500.0
311/22699,PROTECCIÓN DE LA SALUBRIDAD PÚBLICA/ OTROS GASTOS DIVERSOS,311*/22*,,3700.0,,0.0,3700.0,2131.77
311/22706,PROTECCIÓN DE LA SALUBRIDAD PÚBLICA/.ESTUDIOS.Y TRAB.TEC.,311*/22*,,108661.0,,0.0,108661.0,92048.92
311/22799,PROTECCIÓN DE LA SALUBRIDAD PÚBLICA/OT.TRAB.RLZ.OT.EMP.Y PROFESION,311*/22*,,154133.34,,3058.35,157191.69,123974.1
311/62501,PROTECCIÓN DE LA SALUBRIDAD PÚBLICA/ EQUIPOS DE OFICINA,311*/62*,,0.0,,1728.05,1728.05,1728.05
311/62911,Protección de la solubridad pública/Instalación circuito cerrado TV ctro. acogida de animales,311*/62*,,0.0,,2000.0,2000.0,0.0
311/62950,PROTECCIÓN DE LA SALUBRIDAD PÚBLICA/ MÁQUINA DE PRESOTERAPIA,311*/62*,,4650.0,,0.0,4650.0,4250.0
320/13100,ADMT.GRAL.EDUCACIÓN/RETRIBUCIONES BÁSICAS LAB.TEMP,3*/1*,,307112.19,,-9750.55,297361.64,299083.8
320/16000,ADMT.GRAL EDUCACIÓN/ SEGURIDAD SOCIAL,3*/1*,,100461.11,,1682.37,102143.48,79148.57
323/13100,FUNC. DE CENTROS DOCENTES DE EDUC.PREES. Y PRIM.Y EDUC.ESPECIAL/ RETRIBUCIONES BASICAS LAB.TEM,3*/1*,,224771.96,,-15178.56,209593.4,190338.89
323/16000,FUNC. DE CENTROS DOCENTES DE EDUC.PREES. Y PRIM.Y EDUCACIÓN ESPECIAL/SEGURIDAD SOCIAL,3*/1*,,67776.17,,-4190.23,63585.94,54838.58
323/21200,FUNC. CTROS DOCENTES DE EDUC.PREESCOLAR Y PRIMY EDUC.ESPECIAL/REP. MANT. Y CONS. EDIF.Y OT.CONSTRUCC,323*/21*,,80000.0,,14304.43,94304.43,79621.33
323/21300,FUNC. DE CENTROS DOCENTES DE EDUC.PREES. Y PRIM.Y EDUC.ESPECIAL/REP.MANT.MAQ.INSTALAC.Y UTILLA,323*/21*,,1000.0,,0.0,1000.0,0.0
323/21500,FUNCNMNTO CTROS DCENTES ENSEÑNZA INFANTIL Y PRIMARIA Y ED.ESP/ REP.MANT. Y CON. MOBILIARIO Y ENSERES,323*/21*,,500.0,,0.0,500.0,318.27
323/22100,FUNC.DE CENTROS DOCENTES DE PREESCOLAR Y PRIM. Y EDUC. ESPECIAL /ENERGIA ELECTRICA,323*/22*,,60000.0,,0.0,60000.0,46439.64
323/22104,FUNC.CENTROS DOCENTES PREES.Y PRIM. Y EDUC.ESPECIAL/VESTUARIO,323*/22*,,1500.0,,0.0,1500.0,506.06
323/22105,FUNC.CENTRO DE EDUC.PRESC. Y PRIMARIAY EDUC. ESPECIAL/PRODUCTOS ALIMENTICIOS,323*/22*,,1500.0,,0.0,1500.0,710.53
323/22199,FUNC.CENTROS DE EDUC.PREES. Y PRIM.Y EDUC. ESPECIAL/OTROS SUMINISTROS,323*/22*,,1500.0,,0.0,1500.0,3358.29
323/22300,FUNC.CENTROS DE EDUC.PREEDCOLAR Y PRIM.Y EDUC. ESPECIAL/TRANSPORTES,323*/22*,,13000.0,,0.0,13000.0,15812.9
323/22699,FUNC.CENTROS DE EDUC.PREESC.Y PRIM.Y EDUC.ESPECIAL/OTROS GASTOS DIVERSOS,323*/22*,,5500.0,,0.0,5500.0,1165.32
323/22799,FUNC.CENTROS DE EDU.PREES.Y PRIM.Y EDUC.ESPECIAL/OT.TRBJS.REAL.OT.EMPRESAS Y PROF,323*/22*,,175106.61,,19368.79,194475.4,193846.23
323/62229,"FUNCNMNTO CTROS DOCENTES ENSÑ INFANTIL Y PRIMARIA Y EDU. ESP/ ESCUELA INFANTIL ""EL DUENDECILLO AZUL""",323*/62*,,12825.74,,0.0,12825.74,12427.43
323/62500,Funcionamiento de centros docentes de enseñanza inf. y primaria y educ.infantil/Mobiliario y Enseres,323*/62*,,2006.69,,0.0,2006.69,2004.64
3231/21500,FUNCIONAMIENTO DE LA ESCUELA DE SEGURIDAD/ REP.MNTNMTO Y CONSERV.MOBILIARIO Y ENSERES,3231*/21*,,1000.0,,0.0,1000.0,0.0
3231/22001,"FUNCIONAMIENTO ESCUELA DE SEGURIDAD/PRENSA,REVISTAS,LIBROS Y OT.PUBLICAC",3231*/22*,,2000.0,,0.0,2000.0,0.0
3231/22199,FUNCIONAMIENTO ESCUELA DE SEGURIDAD/OTROS SUMINISTROS,3231*/22*,,4000.0,,0.0,4000.0,541.14
3231/22300,FUNCIONAMIENTO DE LA ESCUELA DE SEGURIDAD/ TRANSPORTE,3231*/22*,,1000.0,,0.0,1000.0,235.4
3231/22601,FUNCIONAMIENTO DE LA ESCUELA DE SEGURIDAD/ ATENCIONES PROTOCOLARIAS Y REPRESENTATIVAS,3231*/22*,,1000.0,,0.0,1000.0,406.6
3231/22699,FUNCIONAMIENTO ESCUELA DE SEGURIDAD/OTROS GASTOS DIVERSOS,3231*/22*,,0.0,,0.0,0.0,993.13
3231/22706,FUNCIONAMIENTO DE LA ESCUELA DE SEGURIDAD/ ESTUDIOS Y TRABAJOS TÉCNICOS.,3231*/22*,,27000.0,,0.0,27000.0,0.0
3231/22799,FUNCIONAMIENTO ESCUELA DE SEGURIDAD/OT. TRBJOS.REALIZ.OT.EMPRESAS Y PROF,3231*/22*,,35787.65,,2982.3,38769.95,48563.02
3232/22001,"FUNC. DE CENTROS DOCENTES UNIVERSITARIO EN ADEJE/PRENSA,REVISTAS, LIBROS Y OT.PÚBLICACIONES",3232*/22*,,4500.0,,0.0,4500.0,4156.98
3232/22300,FUNCIONAMIENTO CNTRO DCNTE UNIVERSITARIO DE ADEJE/ TRANSPORTE,3232*/22*,,3000.0,,0.0,3000.0,5550.2
3232/22699,FUNC. DE CENTROS DOCENTES UNIVERSITARIO EN ADEJE/OTROS GASTOS DIVERSOS,3232*/22*,,6000.0,,0.0,6000.0,3347.75
3232/62500,FUNC. DE CENTROS DOCENTES UNIVERSITARIO EN ADEJE/MOBILIARIO Y ENSERES,3232*/62*,,4000.0,,0.0,4000.0,6114.07
3232/62505,FUNC. DE CENTROS DOCENTES UNIVERSITARIO EN ADEJE/ELEMENTOS ACCS.SIST.VIDEO AULAS ULL,3232*/62*,,4000.0,,0.0,4000.0,3891.21
3232/62600,FUNCIONAMNTO CTRO DOCENTE UNIV.EN ADEJE/ EQUIPOS PARA PROCESOS DE INFORMACIÓN,3232*/62*,,4000.0,,0.0,4000.0,504.8
326/22300,SERVICIOS COMPLEMENTARIOS DE EDUCACIÓN/TRANSPORTES,326*/22*,,7000.0,,0.0,7000.0,6533.3
326/48100,"SERVICIOS COMPLEMENTARIOS DE EDUCACIÓN/PREMIO,BECAS Y PENSIONES D ESTUDIO",326*/48*,,75000.0,,-19195.8,55804.2,49950.0
326/48900,SERVICIOS COMPLEMENTARIOS DE EDUCACIÓN/OTRAS TRANSFERENCIAS,326*/48*,,96000.0,,-29913.64,66086.36,60000.02
327/20800,Fomento de la convivencia ciudadana/Arrendamiento de otro inmv. mat.,327*/20*,,1000.0,,0.0,1000.0,125.19
327/22199,FOMENTO DE LA CONVIVENCIA CIUDADANA/ OTROS SUMINISTROS,327*/22*,,15000.0,,-9000.0,6000.0,3578.27
327/22300,FOMENTO DE LA CONVIVENCIA CIUDADANA/TRANSPORTE,327*/22*,,3000.0,,0.0,3000.0,203.3
327/22699,FOMENTO DE LA CONVIVENCIA CIUDADANA/OTROS GASTOS DIVERSOS,327*/22*,,6000.0,,0.0,6000.0,788.75
327/22706,Fomento de la convivencia ciudadana/Estudios y trabajos técnicos,327*/22*,,3000.0,,0.0,3000.0,0.0
327/22799,FOMENTO DE LA CONVIVENCIA CIUDADANA/OT.RAB.REALIZ.OT.EMPRESAS,327*/22*,,33000.0,,-5839.25,27160.75,31249.35
327/48900,FOMENTO DE LA CONVIVENCIA CIUDADANA/ OTRAS TRANSFERENCIAS,327*/48*,,6000.0,,-6000.0,0.0,0.0
327/62500,FOMENTO DE LA CONVIVENCIA CIUDADANA/ MOBILIARIO Y ENSERES,327*/62*,,0.0,,24660.67,24660.67,22319.67
3321/13100,BIBLIOTECAS PÚBLICAS/ RETRIBUC. PERS.LAB. FIJO,3*/1*,,69888.9,,698.89,70587.79,68470.56
3321/16000,BIBLIOTECAS PÚBLICAS/ SEGURIDAD SOCIAL,3*/1*,,21471.76,,214.72,21686.48,20571.7
3321/22001,"BIBLIOTECAS PÚBLICAS/ PRENSA,REVISTAS,LIBROS Y OTRAS PUBLICACIONES",332*/22*,,4000.0,,0.0,4000.0,5351.24
3321/22199,BIBLIOTECAS PÚBLICAS/ OTROS SUMINISTROS,332*/22*,,1000.0,,0.0,1000.0,40.8
3321/22602,BIBLIOTECAS PÚBLICAS/ PUBLICIDAD Y PROPAGANDA,332*/22*,,0.0,,0.0,0.0,227.7
3321/22699,BIBLIOTECAS PÚBLICAS/ OTROS GASTOS DIVERSOS,332*/22*,,2000.0,,0.0,2000.0,449.4
3322/12000,ARCHIVOS/SUELDOS DEL GRUPO A1,3*/1*,,14824.22,,148.24,14972.46,15194.96
3322/12006,ARCHIVOS/TRIENIOS,3*/1*,,4237.68,,42.38,4280.06,4249.98
3322/12100,ARCHIVOS/COMPLEMENTO DE DESTINO,3*/1*,,8242.5,,82.42,8324.92,8266.06
3322/12101,ARCHIVOS/COMPLEMENTO ESPECIFICO,3*/1*,,16339.54,,163.4,16502.94,16386.22
3322/12103,ARCHIVOS/OTROS COMPLEMENTOS,3*/1*,,2294.88,,22.95,2317.83,2301.44
3322/13100,ARCHIVOS/ RETRIBUCIONES BÁSICAS,3*/1*,,34342.73,,343.43,34686.16,24819.8
3322/15000,ARCHIVOS/PRODUCTIVIDAD,3*/15*,,6721.11,,0.0,6721.11,5653.13
3322/16000,ARCHIVOS/SEGURIDAD SOCIAL,3*/1*,,24129.66,,241.3,24370.96,21781.32
3322/22199,ARCHIVOS/ OTROS SUMINISTROS,332*/22*,,2000.0,,-1824.35,175.65,0.0
3322/62910,Archivos/Sistema de protección contra incendios,332*/62*,,0.0,,9098.34,9098.34,9098.34
334/13000,PROM. CULTURAL./RETRIBUCIONES BÁSICAS,3*/1*,,34502.42,,345.02,34847.44,57877.3
334/13002,PROM. CULTURAL/OTRAS RETRIBUCIONES,3*/1*,,8498.16,,84.98,8583.14,13553.27
334/13100,PROM. CULTURAL/RETRIBUCIONES BÁSICAS LAB.TEMP,3*/1*,,558731.13,,-8040.42,550690.71,588978.76
334/16000,PROM. CULTURAL/SEGURIDAD SOCIAL,3*/1*,,191803.08,,2018.03,193821.11,176032.73
334/20500,PROMOCIÓN CULTURAL/ARRENDAMIENTOS DE MOBILIARIO Y ENSERES,334*/20*,,22290.0,,8600.0,30890.0,18201.79
334/20800,PROMOCION CULTURA/ARENDAMIENTO DE OTRO INMV. MATERIAL,334*/20*,,6600.0,,3808.33,10408.33,22557.86
334/22104,PROM. Y DIF. DE LA CULTURA/VESTUARIO,334*/22*,,1000.0,,0.0,1000.0,412.48
334/22199,PROM. CULTURAL/OTROS SUMINISTROS.,334*/22*,,25000.0,,10500.0,35500.0,44637.05
334/22300,PROM. CULTURAL/ TRANSPORTE,334*/22*,,11200.0,,0.0,11200.0,14141.1
334/22601,PROM.CULTURALATENCIONES PROTOCOLARIAS Y REPRESENTATIVAS,334*/22*,,1000.0,,0.0,1000.0,891.31
334/22602,PROMOCIÓN CULTURAL/ PUBLICIDAD Y PROPAGANDA,334*/22*,,0.0,,21000.0,21000.0,22840.4
334/22609,PROM.CULTURAL/ACTIVIDADES CULTURALES,334*/22*,,89600.0,,64270.68,153870.68,76304.54
334/22699,PROMOCION CULTURAL/OT.GASTOS DIVERSOS,334*/22*,,71020.0,,37700.0,108720.0,120154.59
334/22706,PROMOCIÓN CULTURAL/ ESTUDIOS Y TRABAJOS TÉCNICOS,334*/22*,,30000.0,,8000.0,38000.0,39977.66
334/22799,PROM. CULTURAL/OT.TRBJOS.REALIZ.OT.EMPRESAS Y PROF,334*/22*,,100745.0,,43395.58,144140.58,179315.53
334/48900,PROM. CULTURAL/OTRAS TRANSFERENCIAS,334*/48*,,93900.0,,-44500.0,49400.0,49100.0
334/62202,PROMOCIÓN CULTURAL/ AMPLIACIÓN CENTRO CULTURAL VILLA DE ADEJE,334*/62*,,319672.13,,300000.0,619672.13,0.0
334/62909,PROMOCIÓN CULTURAL/ INSTALACIÓN AIRE ACONDICIONADO,334*/62*,,26000.0,,0.0,26000.0,25603.72
334/62910,Promoción cultural/Sistema de protección contra incendiós,334*/62*,,0.0,,10945.09,10945.09,0.0
334/62951,PROMOCIÓN CULTURAL/ MÓDULOS DE ESCENARIOS,334*/62*,,0.0,,19195.8,19195.8,19195.8
3341/13100,Escuela de Música Municipal de Adeje/Retribuciones Básicas,3*/1*,,238131.05,,2381.31,240512.36,171793.42
3341/16000,Escuela de Música Municipal de Adeje/Seguridad social,3*/1*,,76695.84,,766.96,77462.8,53114.35
3341/21500,Escuela de Música Municipal de Adeje/Mant. rep. mobiliario y enseres,3341*/21*,,500.0,,0.0,500.0,470.06
3341/22199,Escuela de Música Municipal de Adeje/Otros suministros,3341*/22*,,1000.0,,0.0,1000.0,1809.88
3341/22300,ESCUELA MUNICIPAL DE MÚSICA/ TRANSPORTE,3341*/22*,,0.0,,0.0,0.0,706.2
3341/22609,Escuela de Música Municipal de Adeje/Actividades culturales y deportivas,3341*/22*,,7000.0,,-7000.0,0.0,37.5
3341/22699,Escuela de Música Municipal de Adeje/Otros gastos diversos,3341*/22*,,6000.0,,-1084.25,4915.75,2129.75
3341/22706,ESCUELA MUNICIPAL DE MÚSICA/ ESTUDIOS Y TRABAJOS TÉCNICOS,3341*/22*,,0.0,,0.0,0.0,300.0
3341/22799,Escuela de Música Municipal de Adeje/Otros trabajos realiz. ot.empresas,3341*/22*,,279476.72,,0.0,279476.72,249370.78
3341/62500,ESCUELA MUNICIPAL DE MÚSICA/ MOBILIARIO Y ENSERES,3341*/62*,,0.0,,2589.75,2589.75,2538.34
3341/62503,Escuela Municipal de Música/Instrumentos Musicales,3341*/62*,,0.0,,20000.0,20000.0,19997.6
3341/62600,ESCUELA MUNICIPAL DE MÚSICA/EQUIPOS PARA PROCESOS DE INFORMACIÓN,3341*/62*,,0.0,,5120.0,5120.0,5128.61
3341/62900,ESCUELA MUNICIPAL DE MÚSICA/OTRAS INVERSIONES NUEVAS ASOCIADAS AL FUNCIONAMIENTO DE LOS SERVICIOS,3341*/62*,,0.0,,374.5,374.5,417.3
3341/62909,ESCUELA MUNICIPAL DE MÚSICA/ INSTALACIÓN AIRE ACONDICIONADO,3341*/62*,,0.0,,170185.35,170185.35,3885.17
336/13100,PROTECCIÓN Y GESTIÓN DEL PATRIMONIO HISTÓRICO-ARTÍSTICO/RETRIBUCIONES BÁSICAS LAB.TEM,3*/1*,,45151.98,,-17005.27,28146.71,43029.13
336/16000,PROTECCIÓN Y GESTIÓN DEL PATRIMONIO HISTÓRICO-ARTÍSTICO/ SEGURIDAD SOCIAL,3*/1*,,14103.41,,141.03,14244.44,3684.45
336/22001,"PROTECCIÓN Y GESTIÓN DEL PATRIMONIO HISTÓRICO-ARTÍSTICO/PRENSA,REVISTAS,LIBROS Y OT.P",336*/22*,,1500.0,,0.0,1500.0,0.0
336/22300,PROTECCIÓN Y GESTIÓN DEL PATRIMONIO HISTÓRICO- ARTÍSTICO/ TRANSPORTES.,336*/22*,,2500.0,,0.0,2500.0,1819.0
336/22699,PROTECCIÓN Y GESTIÓN DEL PATRIMONIO HISTÓRICO- ARTÍSTICO/OTROS GASTOS DIVERSOS,336*/22*,,17500.0,,-15000.0,2500.0,4234.79
336/22799,PROTECCIÓN Y GESTIÓN DEL PATRIMONIO HISTÓRICO-ARTÍSTICO/ OT. TRABAJOS REALZ.OT. EMP.,336*/22*,,7858.0,,31432.0,39290.0,19610.0
336/48900,PROTECCIÓN Y GESTIÓN DEL PATRIMONIO HISTÓRICO-ARTÍSTICO/ OTRAS TRANSFERENCIAS,336*/48*,,0.0,,15000.0,15000.0,14200.0
3371/13100,TERCERA EDAD/REMUNERACIONES BÁSICAS LAB.TEMP,3*/1*,,98239.14,,861.42,99100.56,89940.59
3371/16000,TERCERA EDAD/ SEGURIDAD SOCIAL,3*/1*,,30836.76,,429.34,31266.1,28187.72
3371/20500,TERCERA EDAD/ ARRENDAMIENTO DE MOBILIARIO Y ENSERES,3371*/20*,,0.0,,1600.0,1600.0,1414.01
3371/22300,TERCERA EDAD/ TRANSPORTES,3371*/22*,,10000.0,,0.0,10000.0,11331.3
3371/22699,TERCERA EDAD/OTROS GASTOS DIVERSOS,3371*/22*,,10000.0,,0.0,10000.0,10452.93
3371/22706,TERCERA EDAD/ ESTUDIOS Y TRABAJOS TÉCNICOS,3371*/22*,,1000.0,,0.0,1000.0,0.0
3371/22799,TERCERA EDAD/OT.TRBJOS.REALIZ.OT.EMPRESAS Y PROFES,3371*/22*,,24798.79,,-1600.0,23198.79,20166.38
3371/48900,TERCERA EDAD/ OTRAS TRANSFERENCIAS,3371*/48*,,15000.0,,0.0,15000.0,15000.0
3372/13100,JUVENTUD/REMUNERACIONES BÁSICAS LAB.TEMP,3*/1*,,51204.52,,512.05,51716.57,47060.5
3372/16000,JUVENTUD/ SEGURIDAD SOCIAL,3*/1*,,16405.76,,164.06,16569.82,15238.2
3372/20500,JUVENTUD/ARRENDAMIENTO MOBILIARIO Y ENSERES,3372*/20*,,1000.0,,0.0,1000.0,174.41
3372/20800,JUVENTUD/ARRENDAMIENTO DE OTRO INMV.MATERIAL,3372*/20*,,300.0,,0.0,300.0,123.05
3372/22001,"JUVENTUD/PRENSA, REVISTAS,LIBROS Y OTRA",3372*/22*,,660.0,,0.0,660.0,0.0
3372/22104,JUVENTUD/ VESTUARIO,3372*/22*,,500.0,,0.0,500.0,44.11
3372/22199,JUVENTUD/OTROS SUMINISTROS,3372*/22*,,1500.0,,0.0,1500.0,4093.92
3372/22300,JUVENTUD/ TRANSPORTES,3372*/22*,,8000.0,,0.0,8000.0,5253.69
3372/22602,JUVENTUD/ PUBLICIDAD Y PROPAGANDA,3372*/22*,,0.0,,11000.0,11000.0,7345.45
3372/22609,JUVENTUD/ACTIVIDADES CULTURALES Y RECREATIVAS,3372*/22*,,30000.0,,4830.0,34830.0,22306.73
3372/22699,JUVENTUD/OTROS GASTOS DIVERSOS,3372*/22*,,2200.0,,0.0,2200.0,2889.74
3372/22706,JUVENTUD/ ESTUDIOS Y TRABAJOS TÉCNICOS,3372*/22*,,2500.0,,0.0,2500.0,0.0
3372/22799,JUVENTUD/OT.TRBJOS.REALIZ.OT.EMPRESAS Y PROFESIONA,3372*/22*,,7000.0,,0.0,7000.0,6912.91
3372/48100,"JUVENTUD/PREMIOS, BECAS Y PENSIONES",3372*/48*,,3600.0,,-3000.0,600.0,0.0
3372/48900,JUVENTUD/ OTRAS TRANSFERENCIAS,3372*/48*,,8000.0,,-8000.0,0.0,0.0
338/20500,FIESTAS POPULARES Y FESTEJOS/ ARRENDAMIENTOS DE MOBILIARIO Y ENSERES,338*/20*,,14000.0,,5000.0,19000.0,19815.34
338/20800,FIESTAS POPULARES Y FESTEJOS/ ARRENDAMIENTOS DE MOBILIARIO DE OTRO INMOV. MATERIAL,338*/20*,,19840.0,,3000.0,22840.0,19775.58
338/22199,FIESTAS POPULARES Y FESTEJOS/ OTROS SUMINISTROS,338*/22*,,8850.0,,6000.0,14850.0,14279.57
338/22300,FIESTAS POPULARES Y FESTEJOS/ TRANSPORTE,338*/22*,,2500.0,,4000.0,6500.0,7538.5
338/22601,FIESTAS POPULARES Y FESTEJOS/ ATENCIONES PROTOCOLARIAS Y REPRESENTATIVAS,338*/22*,,1000.0,,0.0,1000.0,155.15
338/22609,FIESTAS POPULARES Y FESTEJOS/ ACTIVIDADES CULTURALES,338*/22*,,63000.0,,28000.0,91000.0,76248.93
338/22699,FIESTAS POPULARES Y FESTEJOS/ OTROS GASTOS DIVERSOS,338*/22*,,32500.0,,19257.81,51757.81,61776.97
338/22706,FIESTAS POPULARES Y FESTEJOS/ ESTUDIOS Y TRABAJOS TÉCNICOS,338*/22*,,15000.0,,0.0,15000.0,28799.75
338/22799,FIESTAS POPULARES Y FESTEJOS/ TRABAJOS REALIZADOS POR OTRAS EMPRESAS,338*/22*,,80000.0,,16600.0,96600.0,87564.74
338/48900,FIESTAS POPULARES Y FESTEJOS/ OTRAS TRANSFERENCIAS,338*/48*,,57900.0,,0.0,57900.0,57900.0
340/13100,ADMINISTRACIÓN GRAL.DEPORTES/RETRIBUCIONES BASICAS,3*/1*,,96220.44,,962.2,97182.64,81906.96
340/16000,ADMT.GRAL.DEPORTES/SEGURIDAD SOCIAL,3*/1*,,38494.09,,384.94,38879.03,27521.63
341/20200,"PRO,Y FOM,DEL DEPORTE/ARREND.DE EDIF.Y OT.CONST.",341*/20*,,68905.0,,700.0,69605.0,49978.39
341/20500,PROM.Y FOM.DEL DEPORTE/ARRENDT.DE MOB.  Y ENSERES,341*/20*,,3500.0,,5000.0,8500.0,11384.66
341/20800,PROM.Y FOM.DEL DEPORTE/ARRENDT.DE OTRO INMV.MATERIAL,341*/20*,,2500.0,,0.0,2500.0,2767.32
341/21500,PROMOCIÓN Y FOMENTO DEL DEPORTE/ REP.MANTNMTO Y CONS. DE  MOBILIARIOS Y ENSERES,341*/21*,,1000.0,,400.0,1400.0,1061.0
341/22100,PROM.Y FOM.DEL DEPORTE/ENERGÍA ELÉCTRICA,341*/22*,,72000.0,,0.0,72000.0,64420.54
341/22104,PROM.Y FOM.DEL DEPORTE/ VESTUARIO,341*/22*,,2000.0,,0.0,2000.0,0.0
341/22199,PROM.Y FOM.DEL DEPORTE/ OTROS SUMINISTROS,341*/22*,,17250.0,,8000.0,25250.0,42573.24
341/22300,PROM.Y FOMENT.DEL DEPORTE/ TRANSPORTES,341*/22*,,22000.0,,7000.0,29000.0,25103.8
341/22601,PROM.Y FOMENT.DEL DEPORTE/ATENC. PROTOC. Y REP.,341*/22*,,1000.0,,0.0,1000.0,0.0
341/22602,PROM.Y FOMT.DEL DEPORTE/PUBLICIDAD Y PROPAGANDA,341*/22*,,2500.0,,45700.0,48200.0,55341.86
341/22609,PROM. Y FOM. DEL DEPORTE/ACTV.CULT.Y DEPORTIVAS,341*/22*,,9500.0,,0.0,9500.0,1661.75
341/22699,PROM.Y FOM. DEPORTE/OTROS GASTOS DIVERSOS,341*/22*,,91300.0,,108258.91,199558.91,171937.05
341/22706,PROMOCIÓN Y FOMENTO DEL DEPORTE/ ESTUDIOS Y TRABAJOS TÉCNICOS,341*/22*,,7000.0,,3000.0,10000.0,3205.87
341/22799,PROM.Y FOM.DEPORTE/OT.TRBJOS REALIZ.OT.EMPRESAS Y,341*/22*,,931252.96,,5581.6,936834.56,942138.79
341/48900,PROM. Y FOM.DEL DEPORTE/ OTRAS TRANSFERENCIAS,341*/48*,,219800.0,,-50200.0,169600.0,169600.0
341/62212,Promoción y fomento del deporte/polideportivo Las Torres,341*/62*,,0.0,,3715.58,3715.58,2356.18
341/62230,Promoción y fomento del deporte/Pabellon de Adeje,341*/62*,,0.0,,83089.81,83089.81,1551.5
342/13100,INSTALACIONES DEPORTIVAS/RETRIBUCIONES BÁSICAS,3*/1*,,188325.03,,1883.25,190208.28,181865.99
342/16000,INSTALACIONES DEPORTIVAS/SEGURIDAD SOCIAL,3*/1*,,63041.24,,567.38,63608.62,62295.92
4312/20500,"MERCADOS, ABASTOS Y LONJAS/ ARRENDAMIENTOS DE MOBILIARIO Y ENSERES",431*/20*,,0.0,,518.95,518.95,518.95
4312/22104,"MERCADOS,ABASTOS Y LONJAS/ VESTUARIO",431*/22*,,1000.0,,0.0,1000.0,128.8
4312/22199,"MERCADOS,ABASTOS Y LONJAS/ OTROS SUMINISTROS",431*/22*,,2000.0,,0.0,2000.0,1180.07
4312/22300,"MERCADOS, ABASTOS Y LONJAS/ TRANSPORTE",431*/22*,,0.0,,0.0,0.0,64.2
4312/22602,"MERCADOS,ABASTOS Y LONJAS/PUBLICIDAD Y PROPAGANDA",431*/22*,,2000.0,,-518.95,1481.05,0.0
4312/22699,"MERCADOS,ABASTOS Y LONJAS/OTROS GASTOS DIVERSOS",431*/22*,,300.0,,0.0,300.0,453.68
4312/22706,"MERCADO,ABASTOS Y LONJAS/ESTUDIOS Y TRABAJOS TÉCNICOS",431*/22*,,19976.0,,0.0,19976.0,18184.0
4312/22799,"MERCADOS,ABASTOS Y LONJAS/OT.TRBJOS.REALIZ.OT.EMPRESAS",431*/22*,,7000.0,,0.0,7000.0,8718.91
432/12000,INFORMACIÓN Y PROMOCIÓN TURÍSTICA/ SUELDOS GRUPO A1,4*/1*,,14824.22,,148.24,14972.46,15336.71
432/12001,INFORMACIÓN Y PROMOCIÓN TURÍSTICA/ SUELDOS GRUPO A2,4*/1*,,13035.6,,130.36,13165.96,13529.39
432/12003,INFORMACIÓN Y PROMOCIÓN TURÍSTICA/SUELDOS DEL GRUPO C1,4*/1*,,9983.82,,99.84,10083.66,10207.6
432/12006,INFORMACIÓN Y PROMOCIÓN TURÍSTICA/TRIENIOS,4*/1*,,14476.88,,144.77,14621.65,14436.6
432/12100,INFORMACIÓN Y PROMOCIÓN TURÍSTICA/COMPLEMENTO DE DESTINO,4*/1*,,22300.6,,223.01,22523.61,22235.43
432/12101,INFORMACIÓN Y PROMOCIÓN TURÍSTICA/COMPLEMENTO ESPECIFICO,4*/1*,,50993.32,,509.93,51503.25,50870.26
432/12103,INFORMACIÓN Y PROMOCIÓN TURÍSTICA/OTROS COMPLEMENTOS,4*/1*,,5730.48,,57.3,5787.78,5707.79
432/13000,INFORMACIÓN Y PROMOCIÓN TURÍSTICA/RETRIBUCIONES BASICAS,4*/1*,,34922.96,,349.23,35272.19,53355.22
432/13002,INFORMACIÓN Y PROMOCIÓN TURÍSTICA/OTRAS REMUNERACIONES,4*/1*,,8337.72,,83.38,8421.1,12009.99
432/13100,INFORMACIÓN Y PROMOCIÓN TURÍSTICA/RETRIBUCIONES BASICAS LAB.TEM,4*/1*,,122280.28,,1222.8,123503.08,142366.77
432/15000,INFORMACIÓN Y PROMOCIÓN TURÍSTICA/PRODUCTIVIDAD,4*/15*,,17385.83,,0.0,17385.83,15416.76
432/16000,INFORMACIÓN Y PROMOCIÓN TURÍSTICA/SEGURIDAD SOCIAL,4*/1*,,85022.13,,850.22,85872.35,82270.58
432/22104,INFORMACIÓN Y PROMOCIÓN TURÍSTICA/VESTUARIO,432*/22*,,1000.0,,0.0,1000.0,743.34
432/22199,INFORMACIÓN Y PROMOCIÓN TURÍSTICA/OTROS SUMINISTROS,432*/22*,,6000.0,,0.0,6000.0,6068.5
432/22601,INFORMACIÓN Y PROMOCIÓN TURÍSTICA/ ATENCIONES PROTOCOLARIAS Y REPRESENTATIVAS,432*/22*,,600.0,,0.0,600.0,30.71
432/22602,INFORMACIÓN Y PROMOCIÓN TURÍSTICA/PUBLICIDAD Y PROPAGANDA,432*/22*,,60000.0,,142749.0,202749.0,185515.35
432/22609,INFORMACIÓN Y PROMOCIÓN TURÍSTICA/ ACTIVIDADES CULTURALES Y DEPORTIVAS,432*/22*,,40000.0,,0.0,40000.0,32841.61
432/22699,INFORMACIÓN Y PROMOCIÓN TURÍSTICA/OTROS GASTOS DIVERSOS,432*/22*,,20000.0,,19450.0,39450.0,70317.95
432/22706,INFORMACIÓN Y PROMOCIÓN TURÍSTICA/ESTUDIOS Y TRABAJOS TÉCNICOS.,432*/22*,,60000.0,,18000.0,78000.0,23884.28
432/22799,INFORMACIÓN Y PROMOCIÓN TURÍSTICA/OT.TRBJOS.REAL.OT.EMPRESAS Y PR,432*/22*,,199383.42,,42670.0,242053.42,251836.62
432/46100,"INFORMACIÓN Y PROMOCIÓN TURÍSTICA/A DIP.,CONS.Y CABILDOS",432*/46*,,204424.0,,0.0,204424.0,150000.0
432/47900,INFORMACIÓN Y PROMOCIÓN TURÍSTICA/ OTRAS SUBVENCIONES A EMPRESAS PRIVADAS,432*/47*,,18000.0,,0.0,18000.0,0.0
432/60922,INFORMACIÓN Y PROMOCIÓN TURÍSTICA/ ACONDICIONAMIENTO BARRANCO DEL AGUA,432*/60*,,0.0,,237408.01,237408.01,0.0
432/60923,Información y promoción turística/I fase Sendero litoral Callao Salvaje,432*/60*,,0.0,,395900.0,395900.0,0.0
432/60953,Información y promoción turística/Proyecto y urbanización del paseo costa Bahía del Duque,432*/60*,,0.0,,25680.0,25680.0,0.0
432/60959,Información y promoción turística/Paseo marítimo entre Bco.de Troya y Playa Bobo Plaza Salytien,432*/60*,,0.0,,574377.16,574377.16,9951.0
432/60966,Información y promoción turística/Remodelación paseo marítimo Playa Paraíso,432*/60*,,0.0,,4300330.0,4300330.0,0.0
432/60967,Información y promoción turística/Mirador de Las Palomas Playa El Beril,432*/60*,,0.0,,197950.0,197950.0,0.0
432/60968,INFORMACIÓN Y PROMOCIÓN TURÍSTICA/MEJORA Y ACOND. PASEO MARÍTIMO ENTRE PTO COLÓN Y PLZA UNTERHACHING,432*/60*,,0.0,,252311.94,252311.94,0.0
432/76100,INFORMACIÓN Y PROMOCIÓN TURÍSTICA/A CONS.DIPUT.Y CABILDO,432*/76*,,677175.2,,0.0,677175.2,0.0
439/20500,OTRAS ACTUACIONES SECTORIALES/ ARRENDAMIENTO DE MOBILIARIO Y ENSERES,439*/20*,,680.0,,5889.04,6569.04,1669.74
439/21300,OTRAS ACTUACIONES SECTORIALES/ REP.MNTMNTO Y CONS. MAQ. INSTLAC Y UTILLAJE,439*/21*,,1000.0,,0.0,1000.0,989.31
439/22105,OTRAS ACTUACIONES SECTORIALES/ PRODUCTOS ALIMENTICIOS,439*/22*,,0.0,,0.0,0.0,2116.51
439/22199,OTRAS ACTUACIONES SECTORIALES/ OTROS SUMINISTROS,439*/22*,,2000.0,,10800.0,12800.0,3228.76
439/22300,OTRAS ACTUACIONES SECTORIALES/ TRANSPORTES,439*/22*,,0.0,,0.0,0.0,317.8
439/22602,OTRAS  ACTUACIONES SECTORIALES/ PUBLICIDAD Y PROPAGANDA,439*/22*,,0.0,,15240.32,15240.32,5894.7
439/22699,OTRAS ACTUACIONES SECTORIALES/ OTROS GASTOS DIVERSOS,439*/22*,,6000.0,,35409.96,41409.96,16444.48
439/22706,OTRAS ACTUACIONES SECTORIALES/ ESTUDIOS Y TRABAJOS TÉCNICOS,439*/22*,,20000.0,,3123.3,23123.3,21983.8
439/22799,OTRAS ACTUACIONES SECTORIALES/ OTROS TRABAJOS REALIZADOS POR OTRAS EMPRESAS Y PROFESIONALES,439*/22*,,326524.59,,-8895.69,317628.9,351914.92
439/47900,Otras actuaciones sectoriales/Otras Subvenciones a Empresas Privadas,439*/47*,,14000.0,,15000.0,29000.0,29000.0
439/62535,Otras actuaciones sectoriales/Taquillas para vestuario,439*/62*,,3000.0,,-2600.0,400.0,330.0
441/13000,TRANSPORTE DE VIAJEROS/ RETRIBUCIONES BÁSICAS,4*/1*,,21750.88,,217.51,21968.39,21322.48
441/13002,TRANSPORTE DE VIAJEROS/ OTRAS REMUNERACIONES,4*/1*,,6401.52,,64.02,6465.54,5096.33
441/16000,TRANSPORTE DE VIAJEROS/ SEGURIDAD SOCIAL,4*/1*,,8699.04,,86.99,8786.03,7076.75
441/22603,TRANSPORTE DE VIAJEROS/ PUBLICACIÓN EN DIARIOS OFICIALES,441*/22*,,1000.0,,0.0,1000.0,0.0
441/22699,TRANSPORTE DE VIAJEROS/OTROS GASTOS DIVERSOS,441*/22*,,3600.0,,-2000.0,1600.0,0.0
441/22706,TRANSPORTE DE VIAJEROS/ ESTUDIOS Y TRABAJOS TÉCNICOS,441*/22*,,42500.0,,-18000.0,24500.0,10505.34
441/22799,TRANSPORTE DE VIAJEROS/OT.TRAB.RLZ.OT.EMP.Y PROF,441*/22*,,6000.0,,-5000.0,1000.0,17485.94
459/60900,OTRAS INFRAESTRUCTURAS/OTRAS INVERSIONES NUEVAS EN INFRAESTRUCTURAS Y BB DESTINADOS USO GENERAL,459*/60*,,50000.0,,0.0,50000.0,0.0
459/60934,Otras insfraestructuras/Azudes de escorrentías en Torviscas y Montañeta,459*/60*,,131494.48,,0.0,131494.48,0.0
459/61931,Otras insfraestructuras/Reposición de muro y canalización bco. la Montañeta,459*/61*,,36320.0,,0.0,36320.0,0.0
491/13000,SOCIEDAD DE LA INFORM./RETRIBUCIONES BÁSICAS,4*/1*,,27099.14,,270.99,27370.13,25613.08
491/13002,SOCIEDAD DE LA INFORM./OTRAS RETRIBUCIONES,4*/1*,,12520.2,,125.2,12645.4,12551.52
491/13100,SOCIEDAD DE LA INFORMACIÓN/RETRIBUCIONES BÁSICAS,4*/1*,,106717.86,,1067.18,107785.04,95292.62
491/16000,SOC. DE LA INFORMACIÓN/SEGURIDAD SOCIAL,4*/1*,,46127.62,,461.28,46588.9,35717.52
491/21500,SOCIEDAD DE INFORMACIÓN/MOBILIARIO Y ENSERES,491*/21*,,2000.0,,0.0,2000.0,0.0
491/21900,SOCIEDAD DE LA INFORM./ REP.MANT.Y CONS.OT.INV.MAT,491*/21*,,16819.25,,734.93,17554.18,12885.08
491/22500,SOCIEDAD DE LA INFORMACIÓN/ TRIBUTOS ESTATALES,491*/22*,,200.0,,0.0,200.0,776.6
491/22602,SOCIEDAD DE INFORMACIÓN/PÚBLICIDAD Y PROPAGANDA,491*/22*,,210000.0,,35000.0,245000.0,157723.17
491/22699,SOCIEDAD DE LA INFORMACIÓN/OTROS GASTOS DIVERSOS,491*/22*,,5768.0,,0.0,5768.0,5114.5
491/22799,SOCDAD. INFORM./OT.TRBJOS.REAL.OT.EMPRESAS Y PROFE,491*/22*,,20000.0,,0.0,20000.0,45445.02
493/13000,PROTECCIÓN DE CONSUMIDORES Y USUARIOS/RETRIBUCIONES BÁSICAS,4*/1*,,34922.96,,349.23,35272.19,32964.95
493/13002,PROTECCIÓN DE CONSUMIDORES Y USUARIOS/OTRAS REMUNERACIONES,4*/1*,,8337.72,,83.38,8421.1,7656.79
493/13100,PROTECCION DE CONSUMIDORES Y USUARIOS/RETRIBUCIONES BÁSICAS LAB.TE,4*/1*,,23820.69,,238.21,24058.9,21656.91
493/16000,PROTECCIÓN DE CONSUMIDORES Y USUARIOS/SEGURIDAD SOCIAL,4*/1*,,21087.08,,210.87,21297.95,18969.18
912/10000,ORGANOS DE GOBIERNO/RETRIBUCIONES BASICAS,9*/10*,,556000.0,,5560.0,561560.0,561560.0
912/11000,ORGANOS DE GOBIERNO/RETRIBUCIONES BASICAS,9*/11*,,240000.0,,2400.0,242400.0,241306.88
912/16000,ORGANOS DE GOBIERNO/ SEGURIDAD SOCIAL,9*/1*,,259098.0,,481.2,259579.2,243360.0
912/22199,ÓRGANOS DE GOBIERNO/OTROS SUMINISTROS,912*/22*,,5000.0,,0.0,5000.0,28918.83
912/22601,ÓRG.GOBIERNO/ATENCIONES PROTOCOLARIAS.Y REPRESENTA,912*/22*,,24000.0,,-4213.24,19786.76,11255.04
912/22602,ÓRGANOS DE GOBIERNO/PUBLICIDAD Y PROPAGANDA,912*/22*,,1000.0,,0.0,1000.0,267.5
912/22699,ORGANOS DE GOBIERNO/OTROS GASTOS DIVERSOS,912*/22*,,15000.0,,17000.0,32000.0,14612.8
912/22706,ORGANOS DE GOBIERNO/ESTDIOS.Y TRBJOS TÉCNICOS,912*/22*,,30000.0,,0.0,30000.0,17989.0
912/22799,ORG. GOBIERNO/OT.TRBJOS.REALIZ.OT.EMPRESAS Y PROFE,912*/22*,,2000.0,,0.0,2000.0,391.78
912/23000,ORGANOS DE GOBIERNO/DIETAS MIEMBROS ORG.GBRNO.,912*/23*,,6000.0,,-3138.26,2861.74,2775.5
912/23020,ORGANOS DE GOBIERNI/DIETAS OT PERS. NO DIRECTIVO,912*/23*,,1000.0,,-1000.0,0.0,0.0
912/23100,ORGANOS DE GOBIERNO/ LOCOMOCIÓN MIEMBROS ORG.GOBIE,912*/23*,,2000.0,,-861.74,1138.26,1166.26
912/23120,ORGANOS DE GOBIERNO/ LOCMOC. OT PERS NO DIRECTIVO,912*/23*,,1000.0,,-1000.0,0.0,0.0
912/23300,ORGANOS DE GOBIERNO/ INDEMNIZACIONES POR ASISTENCIAS,912*/23*,,114200.0,,-11000.0,103200.0,103100.0
912/48900,ÓRGANOS DE GOBIERNO/ OTRAS TRANSFERENCIAS,912*/48*,,24000.0,,0.0,24000.0,24000.0
912/62400,Órganos de gobierno/Elementos de transporte,912*/62*,,0.0,,19022.36,19022.36,19022.36
912/62500,ÓRGANOS DE GOBIERNO/ MOBILIARIO Y ENSERES,912*/62*,,0.0,,15006.5,15006.5,15006.5
912/62900,ÓRGANOS DE GOBIERNO/ OT.INVERSIONES NUEVAS ASOC. AL FUNC.DE LOS SS.,912*/62*,,0.0,,2046.74,2046.74,2046.74
920/12000,ADMINISTRACION GENERAL/SUELDOS  GRUPO A1,9*/1*,,115630.25,,-4537.17,111093.08,77366.89
920/12001,ADMINISTRACIÓN GENERAL/ SUELDOS DEL GRUPO A2,9*/1*,,42455.09,,424.55,42879.64,33993.06
920/12003,ADMINISTRACION GENERAL./SUELDO GRUPO C1,9*/1*,,9983.82,,99.84,10083.66,10223.53
920/12006,ADMINISTRACION GENERAL/ TRIENIOS,9*/1*,,31331.3,,307.28,31638.58,25476.85
920/12100,ADMINISTRACION GENERAL/ COMPLEMENTO DE DESTINO,9*/1*,,111234.88,,1040.26,112275.14,78882.76
920/12101,ADMINISTRACION GENERAL/COMPLEMENTO ESPECIFICO,9*/1*,,252605.68,,-3612.19,248993.49,190004.88
920/12103,ADMINISTRACION GENERAL/OTROS COMPLEMENTOS,9*/1*,,25548.18,,232.53,25780.71,17106.26
920/13000,ADMINISTRACION GENERAL/RETRIBUCIONES BASICAS,9*/1*,,141031.06,,12189.9,153220.96,149058.05
920/13002,ADMINISTRACION GENERAL/OTRAS REMUNERACIONES,9*/1*,,39034.76,,390.35,39425.11,39509.45
920/13100,ADMTRACION GENERAL/RETRIBUCIONES BASICAS LAB.TEM,9*/1*,,1436837.49,,14431.41,1451268.9,1416345.9
920/15000,ADMINISTRACION GENERAL/ PRODUCTIVIDAD,9*/15*,,77066.86,,0.0,77066.86,49395.14
920/15100,ADMINISTRACION GENERAL/GRATIFICACIONES FUNCIONARIO,9*/15*,,30000.0,,0.0,30000.0,15628.97
920/15101,ADMTRACIÓN.GRAL./GRATIFICACIONES PERSONAL LABORAL,9*/15*,,10000.0,,0.0,10000.0,28007.95
920/16000,ADMINISTRACION GENERAL/ SEGURIDAD SOCIAL,9*/1*,,585701.16,,6537.01,592238.17,571732.77
920/16204,ADMINISTRACIÓN GENERAL/ ACCIÓN SOCIAL.,9*/1*,,4327.2,,0.0,4327.2,4327.2
920/20000,ADMON. GRAL/ARRENDAMIENTO  TERRENOS Y BB NATURALES,920*/20*,,10000.0,,0.0,10000.0,5422.0
920/20200,ADMTRACIÓN GRAL/ARRNDMNTO EDIFICIOS Y OT.CONSTRUCC,920*/20*,,140153.33,,28656.3,168809.63,172223.52
920/20500,ADMTRACIÓN GRAL/ ARRNDMNTO MOBILIARIO Y ENSERES,920*/20*,,24000.0,,0.0,24000.0,23806.44
920/21400,ADMTRACION GRAL/REP.MANT.ELEMENTOS TRANSPORTE,920*/21*,,120000.0,,0.0,120000.0,111781.69
920/21501,ADMINISTRACIÓN GENERAL/REP.MANTNMTO Y CONS.EQUIPOS DE OFICINA,920*/21*,,50000.0,,0.0,50000.0,50955.36
920/21600,ADMINISTRACIÓN GENERAL/ REP. MANTNMTO Y CONSERVACIÓN DE EQUIPOS DE INFORMACIÓN,920*/21*,,22446.07,,0.0,22446.07,14730.22
920/22000,ADMINTRACIÓN GRAL/MAT.OFICINA ORD.NO INVENTARIABLE,920*/22*,,75000.0,,0.0,75000.0,52377.25
920/22001,"ADMINIST. GRAL./PRENSA, REVISTAS,LIBROS Y OT.PUBLI",920*/22*,,13000.0,,0.0,13000.0,9739.41
920/22002,ADMINT.GRAL/MAT.INF. NO INVENTARIABLE,920*/22*,,10000.0,,0.0,10000.0,12121.55
920/22103,ADMINISTRACIÓN GRAL./ COMBUSTIBLE Y CARBURANTES.,920*/22*,,120000.0,,0.0,120000.0,91606.71
920/22104,ADMINISTRACIÓN GENERAL/ VESTUARIO.,920*/22*,,2000.0,,0.0,2000.0,1262.46
920/22199,ADMINISTRACIÓN GENERAL./ OTROS SUMINISTROS,920*/22*,,10500.0,,0.0,10500.0,20218.89
920/22200,ADMINISTRACIÓN GRAL./ COMUNICACIONES TELEFONICAS,920*/22*,,145182.22,,0.0,145182.22,124025.49
920/22201,ADMINISTRACIÓN GRAL./ COMUNICACIONES POSTALES,920*/22*,,111800.0,,0.0,111800.0,145743.39
920/22400,ADMINISTRACIÓN GENERAL./ PRIMAS DE SEGUROS,920*/22*,,406155.23,,-25000.0,381155.23,285808.06
920/22500,ADMINISTRACIÓN GENERAL/ TRIBUTOS ESTATALES,920*/22*,,600.0,,0.0,600.0,0.0
920/22602,ADMINIST. GRAL./PUBLICIDAD Y PROPAGANDA,920*/22*,,20000.0,,0.0,20000.0,29050.5
920/22603,ADMT.GRAL./PUBLICACION EN DIARIOS OFICIALES,920*/22*,,15000.0,,0.0,15000.0,18840.65
920/22604,ADMINISTRACIÓN GENERAL/ GASTOS JURIDICOS,920*/22*,,10000.0,,0.0,10000.0,14980.0
920/22698,ADMINISTRACIÓN GRAL/RESPONSABILIDAD PATRIMONIAL,920*/22*,,10000.0,,0.0,10000.0,0.0
920/22699,ADMINISTRACIÓN GENERAL/ OTROS GASTOS DIVERSOS,920*/22*,,15000.0,,0.0,15000.0,24410.96
920/22700,ADMINISTRACIÓN GENERAL/ LIMPIEZA Y ASEO,920*/22*,,3806286.97,,0.0,3806286.97,3725642.64
920/22706,ADMINISTRACIÓN GENERAL/ ESTUDIOS Y TRAB.TÉCNICOS,920*/22*,,44233.33,,0.0,44233.33,1113.76
920/22799,ADMINISTRACIÓN GRAL/ OT.TRABJOS RLZ.OT.EMP.Y PROF.,920*/22*,,219158.97,,27349.23,246508.2,208258.57
920/23020,ADMINISTRACIÓN GRAL./DIETAS PERSONAL NO DIRECTIVO,920*/23*,,3000.0,,0.0,3000.0,4444.67
920/23120,ADMINISTRACIÓN GRAL./LOC.PERS.NO DIRECTIVO,920*/23*,,3000.0,,0.0,3000.0,4725.12
920/23300,ADMINISTRACIÓN GRAL./OTRAS INDEMNIZACIONES,920*/23*,,1000.0,,12000.0,13000.0,7989.37
920/62303,ADMINISTRACIÓN GENERAL/ MÁQUINA DE DIAGNOSIS GT80PLUS,920*/62*,,2733.85,,0.0,2733.85,2733.85
920/62400,ADMINISTRACIÓN GENERAL/ ELEMENTOS DE TRANSPORTE,920*/62*,,22000.0,,0.0,22000.0,16849.0
920/62500,Administracion General/Mobiliario y enseres,920*/62*,,35000.0,,0.0,35000.0,62657.63
920/62501,Administracion General/Equipos de oficina,920*/62*,,30000.0,,0.0,30000.0,23263.55
920/62600,ADMT.GRAL./ EQUIPOS PARA PROCESOS DE INFORMACION,920*/62*,,64517.45,,19110.0,83627.45,52460.62
920/62602,Administracion General/Telefonía IP,920*/62*,,11809.06,,0.0,11809.06,1517.05
920/62900,ADMINISTRACIÓN GENERAL/ OTRAS INVERSIONES NUEVAS ASOCIADAS AL FUNC. OPER.DE LOS SS.,920*/62*,,0.0,,0.0,0.0,731.35
920/64103,ADMINISTRACIÓN GENERAL/ PROGRAMA DE GESTIÓN DEL BANCO DE ALIMENTOS,920*/64*,,0.0,,0.0,0.0,0.0
920/64105,ADMINISTRACIÓN GENERAL/ MÓDULO DEL GESTOR DE COLA,920*/64*,,0.0,,0.0,0.0,0.0
920/64107,Administracion General/Software administración electrónica de aupac,920*/64*,,17950.0,,0.0,17950.0,3204.65
920/64112,Administracion General/Módulo de firma electrónica gema y padrón de habitantes,920*/64*,,7000.0,,0.0,7000.0,0.0
920/64118,ADMINISTRACIÓN GENERAL/ MÓDULO e-Pob DE PADRÓN DE HABITANTES.,920*/64*,,25075.45,,-19099.5,5975.95,0.0
920/83000,ADMINISTRACIÓN GENERAL/ PRÉSTAMOS A CORTO PLAZO,920*/83*,,80000.0,,0.0,80000.0,75900.0
920/83100,ADMINISTRACIÓN GRAL/ PRESTAMOS A LARGO PLAZO,920*/83*,,80000.0,,0.0,80000.0,50100.0
923/13100,INF.BÁSICA Y ESTDISTIC/RETRIBUCIONES BÁSICAS LAB.T,9*/1*,,72887.33,,728.87,73616.2,71241.24
923/16000,INF.BÁSICA Y ESTADÍSTICA/SEGURIDAD SOCIAL,9*/1*,,22423.86,,224.24,22648.1,22000.5
924/13100,PARTICIPACIÓN CIUDADANA/RETRIBUCIONES BÁSICAS,9*/1*,,46213.78,,462.14,46675.92,46262.5
924/16000,PARTIC.CIUDADANA/SEGURIDAD SOCIAL,9*/1*,,13908.69,,139.09,14047.78,14202.0
925/12003,ATENNCIÓN A LOS CIUDADANOS/SUELDOS DEL GRUPO C1,9*/1*,,9983.82,,99.84,10083.66,10254.49
925/12006,ATENCIÓN A LOS CIUDADANOS/TRIENIOS,9*/1*,,5108.32,,51.08,5159.4,5122.88
925/12100,ATENCIÓN A LOS CIUDADANOS/COMPLEMENTO DE DESTINO,9*/1*,,4630.08,,46.3,4676.38,4643.32
925/12101,ATENCIÓN A LOS CIUDADANOS/COMPLEMENTO ESPECIFICO,9*/1*,,12959.38,,129.59,13088.97,12996.42
925/12103,ATENCIÓN A LOS CIUDADANOS/OTROS COMPLEMENTOS,9*/1*,,1552.6,,15.53,1568.13,1557.04
925/13100,ATENCION CIUDADANOS/RETRIBUCIONES BASICAS LAB.TEM,9*/1*,,152334.64,,1523.35,153857.99,148829.62
925/15000,ATENCIÓN A LOS CIUDADANOS/PRODUCTIVIDAD,9*/15*,,4815.36,,0.0,4815.36,4177.7
925/16000,ATENCION A LOS CIUDADANOS/SEGURIDAD SOCIAL,9*/1*,,56324.42,,563.24,56887.66,51863.86
929/500,IMPREVISTOS Y FUNCIONES NO CLASIFICADAS/ FONDO DE CONTINGENCIA DE EJECUCIÓN PRESUPUESTARIA,929/500,,197016.25,,-196885.88,130.37,0.0
931/12000,POLITICA ECON.Y FISCAL/SUELDOS GRUPO A1,9*/1*,,14824.22,,148.24,14972.46,15324.85
931/12001,POLITICA ECON. Y FISCAL/SUELDOS GRUPO A2,9*/1*,,13035.6,,130.36,13165.96,13757.24
931/12006,POLITICA ECON.Y FISCAL/ TRIENIOS,9*/1*,,8829.26,,88.29,8917.55,8790.85
931/12100,POLITICA ECON.Y FISCAL/COMPLEMENTO DE DESTINO,9*/1*,,17987.62,,179.88,18167.5,18622.84
931/12101,POLITICA ECON.Y FISCAL/COMPLEMENTO ESPECIFICO,9*/1*,,42883.54,,428.84,43312.38,44890.87
931/12103,POLITICA ECON.Y FISCAL/ OTROS COMPLEMENTOS,9*/1*,,4177.88,,41.78,4219.66,4158.41
931/13100,POLÍTICA ECONOMICA Y FISCAL/RETRIBUCIONES BÁSICAS,9*/1*,,173042.79,,1730.43,174773.22,162643.16
931/15000,POLÍTICA ECON.Y FISCAL/PRODUCTIVIDAD,9*/15*,,12570.47,,0.0,12570.47,11846.82
931/16000,POLÍTICA ECON.Y FISCAL/ SEGURIDAD SOCIAL,9*/1*,,74467.16,,963.71,75430.87,65894.98
932/12000,GESTIÓN SISTEMA TRIBUTARIO/ RETRIBUCIONES GRUPO A1,9*/1*,,14824.22,,148.24,14972.46,15311.87
932/12001,GESTION SIST.TRIBUTARIO/SUELDOS GRUPO A2,9*/1*,,26071.2,,130.36,26201.56,26697.44
932/12006,GESTION SIST.TRIBUTARIO/TRIENIOS,9*/1*,,13419.23,,134.19,13553.42,13458.34
932/12100,GESTION SIST.TRIBUTARIO/COMPLEMENTO DE DESTINO,9*/1*,,24205.02,,242.05,24447.07,24274.18
932/12101,GESTION SIST.TRIBUTARIO/COMPLEMENTO ESPECIFICO,9*/1*,,54892.88,,548.93,55441.81,55049.76
932/12103,GESTION SIST. TRIBUTARIO/OTROS COMPLEMENTOS,9*/1*,,6060.88,,60.61,6121.49,6078.16
932/13000,GESTION SIST. TRIBUTARIO/RETRIBUCIONES BASICAS,9*/1*,,21750.88,,217.51,21968.39,22096.93
932/13002,GESTION SIST.TRIBUTARIO/OTRAS REMUNERACIONES,9*/1*,,6401.52,,64.02,6465.54,6417.54
932/13100,GESTIÓN DEL SISTEMA TRIBUTARIO/RETRIBUCIONES BÁSICAS,9*/1*,,183756.05,,1837.56,185593.61,180226.77
932/15000,GESTIÓN SIST.TRIBUTARIO/PRODUCTIVIDAD,9*/15*,,18419.83,,0.0,18419.83,15892.19
932/16000,GESTIÓN SIST.TRIBUTARIO/SEGURIDAD SOCIAL,9*/1*,,98476.13,,984.76,99460.89,92197.48
932/22699,GESTIÓN DEL SISTEMA TRIBUTARIO/ OTROS GASTOS DIVERSOS,932*/22*,,3000.0,,0.0,3000.0,59.92
932/22706,GESTIÓN DEL SISTEMA TRIBUTARIO/ ESTUDIOS Y TRABAJOS TÉCNICOS,932*/22*,,60000.0,,-12840.0,47160.0,54369.17
932/22708,GESTION SIST. TRIBUTARIO/SERVICIOS DE RECAUDACIÓN,932*/22*,,1805000.0,,0.0,1805000.0,1724786.51
932/22799,GESTIÓN DEL SISTEMA TRIBUTARIO/ OTROS TRABAJOS REALIZADOS POR OTRAS EMPRESAS Y PROFESIONALES,932*/22*,,24000.0,,0.0,24000.0,0.0
933/13100,GESTIÓN DE PATRIMONIO/RETRIBUCIONES BÁSICAS,9*/1*,,63317.49,,633.17,63950.66,23343.32
933/16000,GESTION DEL PATRIMONIO/SEGURIDAD SOCIAL,9*/1*,,19502.97,,195.03,19698.0,7213.2
933/21200,GES. PATRIMONIO/REP.MANT.EDIFICIOS Y OT.CONSTRUCCI,933*/21*,,139374.98,,31052.97,170427.95,140383.13
933/22100,GESTION DEL PATRIMONIO/ENERGIA ELECTRICA,933*/22*,,264000.0,,0.0,264000.0,256222.65
933/22706,GESTIÓN DEL PATRIMONIO/ESTUDIOS Y TRABAJOS TÉCNICOS,933*/22*,,1000.0,,0.0,1000.0,803.84
933/60900,GESTIÓN DEL PATRIMONIO/ OTRAS INVERSIONES NUEVAS EN INFRAESTRUCTURAS Y BB NATURALES,933*/60*,,0.0,,32100.0,32100.0,0.0
933/62200,Gestión del patrimonio/Edificios y otras construcciones,933*/62*,,0.0,,79613.53,79613.53,25077.85
933/62211,GESTIÓN DEL PATRIMONIO/ CAMPOS DE FÚTBOL DE ADEJE Y ARMEÑIME,933*/62*,,0.0,,0.0,0.0,0.0
933/62212,Gestión del Patrimonio/ Polideportivo Las Torres,933*/62*,,0.0,,280100.0,280100.0,0.0
933/62213,Gestión del Patrimonio/ Campo de fútbol de Fañabe y Polideportivo de Adeje,933*/62*,,0.0,,796664.2,796664.2,4979.78
933/62214,Gestión del patrimonio/ Mejoras de instalaciones deportivas,933*/62*,,0.0,,749000.0,749000.0,4327.08
933/62230,Gestión del Patrimonio/ Pabellón de Adeje,933*/62*,,0.0,,173100.0,173100.0,0.0
933/62231,Gestión del Patrimonio/ Cuartel Policía Local de las Torres,933*/62*,,0.0,,326835.8,326835.8,0.0
933/62234,GESTIÓN DEL PATRIMONIO/ OFICINAS EN NAVE P-531 JS3 EN C/ CHARFA,933*/62*,,0.0,,125000.0,125000.0,0.0
934/12000,GEST.DEUDA Y TESORERÍA/SUELDOS GRUPO A1,9*/1*,,14824.22,,148.24,14972.46,30062.99
934/12001,GEST.DEUDA Y TESORERÍA/SUELDOS GRUPO A2,9*/1*,,13035.6,,130.33,13165.93,13896.83
934/12004,GESTIÓN DE LA DEUDA Y DE LA TESORERÍA/ SUELDOS GRUPO C2,9*/1*,,0.0,,0.0,0.0,3605.75
934/12006,GEST.DEUDA Y TESORERÍA/TRIENIOS,9*/1*,,8385.23,,83.85,8469.08,12977.5
934/12100,GEST.DEUDA Y TESORERÍA/COMPLEMENTO DE DESTINO,9*/1*,,17987.62,,179.88,18167.5,30634.69
934/12101,GEST.DEUDA Y TESORERÍA/COMPLEMENTO ESPECIFICO,9*/1*,,42883.54,,428.84,43312.38,73762.01
934/12103,GEST.DEUDA YTESORERÍA/OTROS COMPLEMENTOS,9*/1*,,4177.88,,41.78,4219.66,6926.67
934/13100,GESTIÓN DE LA DEUDA Y DE LA TESORERÍA/RETRIBUCIONES BÁSICAS,9*/1*,,52703.57,,527.04,53230.61,52033.3
934/15000,GESTION DEUDA Y TESORERÍA/PRODUCTIVIDAD,9*/15*,,12570.47,,0.0,12570.47,16356.73
934/16000,GEST.DEUDA Y TESORERIA/SEGURIDAD SOCIAL,9*/1*,,38136.6,,281.37,38417.97,50072.33
934/35200,GESTIÓN DEUDA Y TESORERÍA/INTERESES DE DEMORA,9*/3*,,125000.0,,-19574.38,105425.62,65972.68
934/35900,GESTIÓN DEUDA Y TESORERIA/OT.GASTOS FINANCIEROS,9*/3*,,3000.0,,0.0,3000.0,328.5
934/35901,GESTION DEUDA Y TESORERIA/ SERV. BANC.Y SIMILARES,9*/3*,,20000.0,,-6575.94,13424.06,12701.86
943/46700,TRANSF..OT.ENTIDADES LOC./ A CONSORCIOS,943*/46*,,437916.22,,6575.94,444492.16,444492.16
