#Código de la Partida,Descripción,Vinculación,,Crédito Inicial,,Modificación de Crédito,Crédito Definitivo,Olbigaciones Reconocidas
011/31003,INTERESES PRESTAMO Nº 295.240842-81,0*/3*,,8000.0,,0.0,8000.0,1496.37
011/31005,INTERESES PRESTAMO Nº295.240843-94,0*/3*,,22000.0,,0.0,22000.0,4451.11
011/31007,INTERESES PRESTAMO Nº0049 4601 41 1030602293,0*/3*,,12000.0,,0.0,12000.0,6169.37
011/31008,INTERESES PRESTAMO Nº0182 5717 0300001107,0*/3*,,10000.0,,0.0,10000.0,2332.38
011/31009,INTERESES PRESTAMO ICO TURISMO Nº 295.242764-60,0*/3*,,25415.25,,0.0,25415.25,25415.25
011/31010,INTERESES PRESTAMO CAJACANARIAS Nº 295.242925-43,0*/3*,,168000.0,,-70030.0,97970.0,74098.05
011/31011,INTERESES PRESTAMO BBVA Nº 10/116306,0*/3*,,176000.0,,-40000.0,136000.0,116375.97
011/35200,DEUDA PÚBLICA/INTERESES DE DEMORA,0*/3*,,6000.0,,0.0,6000.0,80602.57
011/35900,DEUDA PÚBLICA/OTROS GASTOS FINANCIEROS,0*/3*,,3000.0,,0.0,3000.0,0.0
011/91301,Amortiz.Ptmo.CajaCanarias 295.240842-81,011*/9*,,480000.0,,0.0,480000.0,474133.23
011/91302,Amortz. Ptmo.CajaCanarias nº 295.240843-94,011*/9*,,576000.0,,0.0,576000.0,569220.56
011/91303,Amort.Ptmo.BSCH.nº.0049 4601 41 1030602293,011*/9*,,288000.0,,0.0,288000.0,284949.85
011/91304,Amort.ptmo.BBVA.nº.0182 5717 0300001107,011*/9*,,264705.24,,0.0,264705.24,264705.24
011/91305,AMORTIZACIÓN PTMO CAJA CANARIAS Nº 295.242925-43,011*/9*,,276000.0,,5241361.95,5517361.95,5481650.88
011/91306,AMORTIZACIÓN PTMO. BBVA Nº 10/116306,011*/9*,,436000.0,,7768533.52,8204533.52,8168499.05
011/91308,Amort. Ptmo. ICO CajaCanarias nº9610019319,011*/9*,,558838.59,,4829916.34,5388754.93,558838.59
130/13100,ADMT.GRAL.SEG.Y PROT/RETRIBUCIONES BÁSICAS LAB.TEM,1*/1*,,218160.87,,0.0,218160.87,216454.27
130/16000,ADMT.GRAL.SEG.Y PROT./ SEGURIDAD SOCIAL,1*/1*,,66437.13,,0.0,66437.13,61391.65
130/21200,ADMT.GRAL.SEG.Y PROT/REP.Y CONS.EDIF.Y OT.CONSTRUC,130*/21*,,12463.12,,0.0,12463.12,8284.62
130/22699,ADMINISTRACIÓN GENERAL/ OTROS GASTOS DIVERSOS,130*/22*,,0.0,,0.0,0.0,200.61
130/22799,ADMT.GRAL.SEG.Y PROT/OT.TRABOS REAL.EMPR.Y OT.PROF,130*/22*,,5000.0,,0.0,5000.0,3600.14
130/62500,ADMT.GRAL.SEG.Y PROT./ MOBILIARIO,130*/62*,,15000.0,,-7000.0,8000.0,7581.72
130/62909,ADM.GENERAL DE SEGURIDAD Y PROTECCIÓN CIVIL/ INSTALACIÓN AIRE ACONDICIONADO,130*/62*,,0.0,,10000.0,10000.0,9199.57
132/12000,SEGURIDAD Y ORDEN PÚBLICO/ RETRIBUCIONES BASICAS GRUPO A1,1*/1*,,15640.76,,0.0,15640.76,16251.64
132/12001,SEGURIDAD Y ORDEN PÚBLICO/ RETRIBUCIONES BASICAS GRUPO A2,1*/1*,,108454.9,,0.0,108454.9,169453.37
132/12003,SEGURIDAD Y ORDEN PÚBLICO/ RETRIBUCIONES BASICAS GRUPO C1,1*/1*,,1150998.78,,0.0,1150998.78,1368515.14
132/12006,SEGURIDAD Y ORDEN PÚBLIVO/ TRIENIOS,1*/1*,,202719.48,,0.0,202719.48,178786.75
132/12100,SEGURIDAD Y ORDEN PÚBLICO/ COMPLEMENTO DE DESTINO,1*/1*,,741712.96,,0.0,741712.96,651552.73
132/12101,SEGURIDAD Y ORDEN PÚBLICO/ COMPLEMENTO ESPECIFICO,1*/1*,,1599720.26,,0.0,1599720.26,1465795.57
132/12103,SEGURIDAD Y ORDEN PÚBLICO/ OTROS COMPLEMENTOS,1*/1*,,435893.35,,0.0,435893.35,384449.85
132/15000,SEGURIDAD Y ORDEN PÚBLICO/ PRODUCTIVIDAD,1*/15*,,560560.62,,0.0,560560.62,311628.66
132/16000,SEGURIDAD Y ORDEN PÚBLICO/ SEGURIDAD SOCIAL,1*/1*,,1222892.9,,0.0,1222892.9,1111587.35
132/16204,SEGURIDAD Y ORDEN PÚBLICO/ ACCIÓN SOCIAL,1*/1*,,0.0,,0.0,0.0,4327.2
132/21900,SEGURIDAD Y ORDEN PÚBLICO/REP.MNTNMTO Y CONS.OTRO INMOVILIZADO MATERIAL,132*/21*,,4500.0,,-2446.85,2053.15,1384.44
132/22104,SEGURIDAD Y ORDEN PÚBLICO/VESTUARIO,132*/22*,,30000.0,,4275.83,34275.83,35042.43
132/22105,SEGURIDAD Y ORDEN PÚBLICO/ PRODUCTOS ALIMENTICIOS,132*/22*,,0.0,,10.4,10.4,0.0
132/22199,SEGURIDAD Y ORDEN PÚBLICO/ OTROS SUMINISTROS,132*/22*,,0.0,,10132.5,10132.5,3646.5
132/22699,SEGURIDAD Y ORDEN PÚBLICO/ OTROS GASTOS DIVERSOS,132*/22*,,0.0,,0.0,0.0,542.53
132/62500,SEGURIDAD Y ORDEN PÚBLICO/ MOBILIARIO Y ENSERES,132*/62*,,0.0,,299.45,299.45,299.45
132/62507,SEGURIDAD Y ORDEN PÚBLICO/ EMISORAS,132*/62*,,0.0,,28000.0,28000.0,17974.5
132/62900,SEGURIDAD Y ORDEN PÚBLICO/ OTRAS INVERSIONES ASOC. AL FUNCNMTO DE LOS SERVICIOS,132*/62*,,0.0,,728.67,728.67,0.0
133/13100,ORD.TRÁFICO Y ESTACIONAMNT/RETRIBUCIONES  BÁSICAS,1*/1*,,195164.13,,0.0,195164.13,226032.22
133/16000,ORD.TRAFICO Y ESTACIONAMNTO/ SEGURIDAD SOCIAL,1*/1*,,67196.15,,0.0,67196.15,72839.61
133/16103,ORDENACIÓN DEL TRÁFICO Y DEL ESTACIONAMIENTO/ PENSIONES EXCEPCIONALES,1*/1*,,0.0,,0.0,0.0,9000.0
133/21300,ORD.TRÁFICO Y ESTACINMNTO/REP.CONS.MAQ.INST.Y UTI,133*/21*,,5000.0,,0.0,5000.0,620.04
133/22104,ORD.TRÁFICO Y ESTACIONAMIENTO/ VESTUARIO,133*/22*,,600.0,,0.0,600.0,2315.02
133/22199,ORD.TRAFICO Y ESTACIONAMNTO/ OTROS SUMINISTROS,133*/22*,,70000.0,,0.0,70000.0,81522.44
133/22799,ORD.TRÁFICO Y ESTCIONAMNTO/OT.TRABJOS.REAL.OT.EMPR,133*/22*,,460000.0,,62500.0,522500.0,492611.28
133/62400,ORDENACIÓN DEL TRÁFICO Y DEL ESTACIONAMIENTO/ ELEMENTOS DE TRANSPORTE,133*/62*,,0.0,,23000.0,23000.0,17741.67
135/13100,PROTECCIÓN CIVIL /RETRBUCIONES BÁSICAS LAB.TEMPORA,1*/1*,,478014.11,,0.0,478014.11,469805.9
135/16000,PROTECCIÓN CIVIL/ SEGURIDAD SOCIAL,1*/1*,,155042.84,,0.0,155042.84,133497.37
135/20800,PROTECCIÓN CIVIL/ARRENDAMIENTO DE OTRO INMOV. MATERIAL,135*/20*,,6000.0,,-6000.0,0.0,0.0
135/21300,PROTECCION CIVIL/REP.MAQ.INST. Y UTILLA,135*/21*,,4000.0,,0.0,4000.0,108.61
135/21500,PROTECCIÓN CIVIL/ REP.MNTNMTO Y CONSERVACIÓN DE MOBILIARIO Y ENSERES,135*/21*,,0.0,,0.0,0.0,214.0
135/21900,PROTECCIÓN CIVIL/OTRO INMOVILIZADO MATERIAL,135*/21*,,2000.0,,0.0,2000.0,160.71
135/22104,PROTECCION CIVIL/VESTUARIO,135*/22*,,10000.0,,0.0,10000.0,8762.36
135/22106,"PROTECCIÓN CIVIL/PROD,FARMACÉUTICOS Y MATERIAL SANITARIO",135*/22*,,2000.0,,0.0,2000.0,6156.77
135/22199,PROTECCIÓN CIVIL/ OTROS SUMINISTROS,135*/22*,,11000.0,,0.0,11000.0,2270.42
135/22699,PROTECCIÓN CIVIL/ OTROS GASTOS DIVERSOS,135*/22*,,12000.0,,0.0,12000.0,14465.4
135/22706,PROTECCIÓN CIVIL/ESTUDIOS Y TRABAJOS TÉCNICOS,135*/22*,,3000.0,,0.0,3000.0,640.0
135/22799,PROTECCIÓN CIVIL/OTROS TRABAJOS REALIZADOS POR OTRAS EMPRESAS,135*/22*,,10000.0,,102315.94,112315.94,97629.24
135/48900,PROTECCIÓN  CIVIL/OTRAS TRANSFERENCIAS,135*/48*,,12000.0,,0.0,12000.0,12000.0
135/62500,Protección Civil/Mobiliario y Enseres,135*/62*,,0.0,,9046.64,9046.64,9046.64
135/62507,PROTECCIÓN CIVIL/ EMISORAS,135*/62*,,0.0,,8500.0,8500.0,963.0
135/62912,PROTECCIÓN CIVIL/ DESFIBRILADOR,135*/62*,,0.0,,1500.0,1500.0,1615.51
151/12000,URBANISMO/ RESTRIBUCIONES BASICAS,1*/1*,,15640.76,,0.0,15640.76,14677.32
151/12001,URBANISMO / RETRIBUCIONES BÁSICAS GRUPO A2,1*/1*,,13542.29,,0.0,13542.29,13931.88
151/12003,URBANISMO/ SUELDOS GRUPO C1,1*/1*,,103.71,,0.0,103.71,0.0
151/12006,URBANISMO / TRIENIOS,1*/1*,,8396.25,,0.0,8396.25,7064.32
151/12100,URBANISMO/ COMPLEMENTO DE DESTINO,1*/1*,,18072.24,,0.0,18072.24,16467.4
151/12101,URBANISMO / COMPLEMENTO ESPECIFICO,1*/1*,,43060.11,,0.0,43060.11,32851.76
151/12103,URBANISMO/ OTROS COMPLEMENTOS,1*/1*,,4203.94,,0.0,4203.94,4136.3
151/13000,URBANISMO/ RETRIBUCIONES BÁSICAS,1*/1*,,55889.16,,0.0,55889.16,57241.9
151/13002,URBANISMO/ OTRAS REMUNERACIONES,1*/1*,,14574.6,,0.0,14574.6,14582.92
151/13100,URBANISMO / RETRIBUCIONES BASICAS LAB.TEMPORAL,1*/1*,,359892.93,,0.0,359892.93,351645.69
151/15000,URBANISMO / PRODUCTIVIDAD,1*/15*,,12570.47,,0.0,12570.47,11818.67
151/16000,URBANISMO/ SEGURIDAD SOCIAL,1*/1*,,158161.52,,0.0,158161.52,151715.47
151/22697,URBANISMO/INDEMNIZACIONES,151*/22*,,737564.31,,0.0,737564.31,737564.31
151/22698,URBANISMO/RESPONSABILIDAD PATRIMONIAL,151*/22*,,3000.0,,0.0,3000.0,0.0
151/22699,URBANISMO/OTROS GASTOS DIVERSOS,151*/22*,,1000.0,,0.0,1000.0,367.67
151/22706,URBANISMO/ ESTUDIOS Y TRABAJOS TECNICOS,151*/22*,,50846.09,,60701.0,111547.09,103474.6
151/22799,URBANISMO/ OTROS TRABAJOS REALIZADOS OTRAS EMPRESA,151*/22*,,50000.0,,0.0,50000.0,0.0
151/60000,URBANISMO/INVERSIONES EN TERRENOS,151*/60*,,100000.0,,0.0,100000.0,24000.0
1522/22799,CONSERVACIÓN Y REHABILITACIÓN DE LA EDIFICACIÓN/OT.TRABJOS.REALZDOS OT.EMPRESAS Y PROFESI,152*/22*,,94380.0,,0.0,94380.0,31460.0
1522/74000,CONSERVACIÓN Y REHABILITACIÓN DE LA EDIFICACIÓN/TRANSF.A ENTES PÚBLICOS Y SOC.MERCANT.E.L,152*/74*,,117769.22,,794819.93,912589.15,911049.83
1532/22697,PAVIMENTACIÓN DE VIAS PUBLICAS/INDEMNIZACIONES,153*/22*,,75000.0,,-24000.0,51000.0,6579.9
1532/22799,PAVIMENTACIÓN DE VIAS PUBLICAS/OT.TRAB.REALZ.OT.EMP.Y PROFESIONALES,153*/22*,,400000.0,,732552.2,1132552.2,1022969.57
1532/60900,PAVIMENTACIÓN DE VIAS PUBLICAS/OT.INVERS. NUEVAS EN INFRAESTRUC.Y BB DESTINADOS USO GRAL,153*/60*,,0.0,,7840.96,7840.96,0.0
1532/60928,PAVIMENTACIÓN DE VÍAS PÚBLICAS/ PLAN DE BARRIOS MUNICIPAL 2013-2015,153*/60*,,0.0,,14482.63,14482.63,6189.95
1532/61926,PAVIMENTACIÓN DE VÍAS PÚBLICAS/REMODELACIÓN Y MEJORA DE CALLE NUEVA Y TINERFE EL GRANDE,153*/61*,,0.0,,214000.0,214000.0,24182.0
1532/61927,PAVIMENTACIÓN DE VÍAS PÚBLICAS/ PLAN DE EMBELLECIMIENTO DE VÍA PÚBLICAS,153*/61*,,0.0,,282365.0,282365.0,197757.11
1532/61930,PAVIMENTACIÓN DE VÍAS PÚBLICAS/REPOSICIÓN DE MURO Y REF.PAVIMENTO EN AV.LAS GAVIOTAS ZONA PLYA.ENRAM,153*/61*,,0.0,,98956.75,98956.75,92418.79
1532/61931,PAVIMENTACIÓN DE VÍAS PÚBLICAS/REPOSICIÓN DE MURO Y CANALIZACIÓN DE BCO.LA MONTAÑETA ALT.URB.MIRAVER,153*/61*,,0.0,,70193.3,70193.3,70192.7
1532/61932,"PAVIMENTACIÓN DE VIAS PUBLICAS/ PAVIMENTACIÓN, MEJORAS Y AMPLIACIÓN DE VÍAS PÚBLICAS",153*/61*,,780967.61,,14709.2,795676.81,689264.2
1532/76101,"PAVIMENTACIÓN DE VÍAS PÚBLICAS/ TRANSFERENCIA AL CABILDO, ROTONDA DE ARMEÑIME",153*/76*,,0.0,,568331.46,568331.46,0.0
160/21000,ALCANTARILLADO/REP.MANTNMTO Y CONS.INSFRAESTRUCTURA Y BIENES NATURALES,160*/21*,,60000.0,,5000.0,65000.0,64999.99
160/22100,ALCANTARILLADO/ENERGÍA ELÉCTRICA,160*/22*,,380000.0,,0.0,380000.0,322323.63
160/22706,ALCANTARILLADO/ESTUDIOS Y TRABAJOS TÉCNICOS,160*/22*,,21000.0,,-5000.0,16000.0,750.0
160/22797,ALCANTARILLADO/SERVICIO SANEAMIENTO,160*/22*,,3850000.0,,0.0,3850000.0,3785047.43
160/60901,ALCANTARILLADO/CONST. SISTEMA ELEVACIÓN AGUAS RESIDUALES AL COLECTOR GRAL. DE LA CALETA,160*/60*,,0.0,,1319705.75,1319705.75,85683.91
161/12001,ABASTECIMIENTO DOMICILIARIO DE AGUA POTABLE/ SUELDO GRUPO A2,1*/1*,,13425.72,,0.0,13425.72,13942.86
161/12004,Abastecimiento domiciliario de agua potable/SUELDOS GRUPO C2,1*/1*,,8488.46,,0.0,8488.46,9200.26
161/12006,Abastecimiento domiciliario de agua potable/TRIENIOS,1*/1*,,8031.12,,0.0,8031.12,7756.29
161/12100,Abastecimiento domiciliario de agua potable/COMPLEMENTO DE DESTINO,1*/1*,,9840.13,,0.0,9840.13,9796.78
161/12101,Abastecimiento domiciliario de agua potable/COMPLEMENTO ESPECIFICO,1*/1*,,23049.13,,0.0,23049.13,22928.92
161/12103,Abastecimiento domiciliario de agua potable/OTROS COMPLEMENTOS,1*/1*,,3146.3,,0.0,3146.3,3131.24
161/13100,ABASTACIMIENTO DOMICILIARIO DE AGUA POTABLE/RETRIBUCIONES BASICAS,1*/1*,,24409.75,,0.0,24409.75,24096.31
161/15000,Abastecimiento domiciliario de agua potable/PRODUCTIVIDAD,1*/15*,,10444.72,,0.0,10444.72,9675.88
161/16000,Abastecimiento domiciliario de agua potable/ SEGURIDAD SOCIAL,1*/1*,,28974.06,,0.0,28974.06,33940.71
161/21000,ABASTECIMIENTO DOMICILIARIO DE AGUA POTABLE/REP.CONS.INFRAES.Y BB.NATUR,161*/21*,,120000.0,,3932.76,123932.76,85004.36
161/22100,ABASTECIMIENTO DOMICILIARIO DE AGUA POTABLE/ ENERGIA ELÉCTRICA,161*/22*,,950000.0,,0.0,950000.0,774492.71
161/22101,ABASTECIMIENTO DOMICILIARIO DE AGUA POTABLE/ AGUA,161*/22*,,5490000.0,,0.0,5490000.0,5480368.11
161/22698,ABASTECIMIENTO DOMICILIARIO DE AGUA POTABLE/RESPONSABILIDAD PATRIMONIAL,161*/22*,,3000.0,,0.0,3000.0,0.0
161/22699,ABASTECIMIENTO DOMICILIARIO DE AGUA POTABLE/ OTROS GASTOS DIVERSOS,161*/22*,,1000.0,,0.0,1000.0,3695.69
161/22706,ABASTECIMIENTO DOMICILIARIO DE AGUA POTABLE/ESTUDIOS Y TRBJOS.TÉCNICOS,161*/22*,,21000.0,,0.0,21000.0,481.5
161/22798,ABASTECIMIENTO DOMICILIARIO DE AGUA POTABLE/SS.ABAST.Y DIST.AGU,161*/22*,,14700000.0,,-50296.52,14649703.48,14466569.21
161/60917,ABASTECIMIENTO DOMICILIARIO DE AGUA POTABLE/DEP. RESERVA AGUA,161*/60*,,210497.26,,0.0,210497.26,210497.26
161/60925,ABASTECIMIENTO DOMICILIARIO DE AGUA POTABLE/DEPÓSITO REGULADOR AGUA EN PARAJE VISTA DE AJABO,161*/60*,,0.0,,17478.99,17478.99,17478.99
161/60929,ABASTECIMIENTO DOMICILIARIO DE AGUA POTABLE/ TRASVASE DE AGUA PARA BARRIOS TAUCHO Y TIJOCO BAJO,161*/60*,,0.0,,53433.53,53433.53,53433.53
161/60930,ABASTECIMIENTO DOMICILIARIO DE AGUA POTABLE/MEJORA SUMINISTRO AGUA EN Bº FAÑABE Y ZONA ALTA SAN EUGE,161*/60*,,0.0,,33578.58,33578.58,23382.12
161/60936,Abastecimiento domiciliario a agua potable/Electrificación de la impulsión de las Torres-Moraditas,161*/60*,,0.0,,52263.45,52263.45,0.0
161/60937,Abastecimiento domiciliario a agua potable/Instalación de elevación de aguas de las Torres,161*/60*,,0.0,,53313.08,53313.08,53313.08
161/60938,Abastecimiento domiciliario a agua potable/Instalación de bombeo de agua de la presa La Hoya,161*/60*,,0.0,,49202.81,49202.81,13712.38
161/60939,Abastecimiento domiciliario a agua potable/Amp.de equipos de bombeo en la estac.coop.,161*/60*,,0.0,,50364.72,50364.72,31512.64
161/60941,Abastecimiento domiciliario a agua potable/Instalación de tuberias de transporte de agua,161*/60*,,0.0,,44855.95,44855.95,38013.52
1621/13100,RECOGIDA DE RESIDUOS/RETRIBUCIONES BÁSICAS,1*/1*,,31130.16,,0.0,31130.16,60387.77
1621/16000,RECOGIDA DE RESIDUOS/SEGURIDAD SOCIAL,1*/1*,,9783.57,,0.0,9783.57,9449.16
1621/22698,RECOGIDA DE RESIDUOS/RESPONSABILIDAD PATRIMONIAL,162*/22*,,3000.0,,0.0,3000.0,0.0
1621/22700,RECODIDA DE RESIDUOS/LIMPIEZA Y ASEO,162*/22*,,66859.34,,5571.61,72430.95,72430.93
1621/22710,RECOGIDA DE RESIDUOS/RECOGIDA DOM.DE BASURA,162*/22*,,3576486.02,,0.0,3576486.02,3486149.05
1621/62920,RECOGIDA DE RESIDUOS/ CONTENEDORES SOTERRADOS.,162*/62*,,0.0,,30000.0,30000.0,3450.75
1623/22712,TRATAMIENTO DE RESIDUOS/SS.TRATAMNTO RES.SÓLIDO,162*/22*,,1970080.04,,87364.81,2057444.85,2057444.85
163/22711,LIMPIEZA VIARIA/ SERVICIO DE LIMPIEZA VIARIA,163*/22*,,5117827.66,,-413630.21,4704197.45,4689457.56
164/13100,CEMEN.Y SS FUNE/ RETRIBUCIONES BÁSICAS LAB.TEMP,1*/1*,,24770.98,,0.0,24770.98,25082.75
164/16000,CEMEN. Y SS.FUNE/SEGURIDAD SOCIAL,1*/1*,,7624.63,,0.0,7624.63,7387.76
164/22102,CEMENTERIO Y SERVICIOS FUNERARIOS/ GAS,164*/22*,,0.0,,3000.0,3000.0,0.0
164/22799,CEMENT.Y SERV. FUN./ OT TRAB. REALZ. OT. EMPRESAS,164*/22*,,66470.05,,0.0,66470.05,62171.98
164/62222,CEMENTERIO Y SERVICIOS FUNERARIOS/ NICHOS DE RESTOS CEMENTERIO MUNICIPAL,164*/62*,,0.0,,472589.82,472589.82,390643.47
164/62900,CEMENTERIO Y SERVICIOS FUNERARIOS/ OTRAS INV. NUEVAS ASOCIADAS AL FUNCNMTO. DE LOS SERVICIOS.,164*/62*,,0.0,,1000.0,1000.0,248.28
164/62909,CEMENTERIO Y SERVICIOS FUNERARIOS/ INSTALACIÓN DE AIRE ACONDICIONADO.,164*/62*,,0.0,,0.0,0.0,0.0
165/13100,ALUMBRADO PÚBLICO/RETRIBUCIONES BÁSICAS,1*/1*,,50765.0,,0.0,50765.0,49633.31
165/16000,ALUMBRADO PÚBLICO/ SEGURIDAD SOCIAL,1*/1*,,18508.11,,0.0,18508.11,17939.42
165/21000,ALUMBRADO PÚB/REP.MANT.Y CONS.INFRAEST.Y BB.NATURA,165*/21*,,75000.0,,-11014.48,63985.52,60538.46
165/22100,ALUMBRADO PÚBLICO/ENERGÍA ELÉCTRICA,165*/22*,,600000.0,,0.0,600000.0,586956.35
165/22706,ALUMBRADO PÚBLICO/ESTUDIOS Y TRABAJOS TÉCNICOS,165*/22*,,5900.0,,0.0,5900.0,0.0
165/22799,ALUMBRADO PÚB/OT.TRBJOS REALI.OT.EMPRESAS Y PROFES,165*/22*,,821452.42,,101311.0,922763.42,868972.2
165/61919,ALUMBRADO PÚBLICO/MEJORA ALUMBRADO PÚBLICO DE LOS BARRIOS.,165*/61*,,0.0,,18014.77,18014.77,0.0
170/13100,ADMT.GRAL.MDIO AMBNT/RETRIBUCIONES BÁSICAS LAB.TEM,1*/1*,,50807.62,,0.0,50807.62,66417.28
170/16000,ADMT.GRAL MDIO AMBNTE/SEGURIDAD SOCIAL,1*/1*,,15809.75,,0.0,15809.75,20334.44
171/22698,PARQUES Y JARDINES/RESPONSABILIDAD PATRIMONIAL,171*/22*,,4552.31,,0.0,4552.31,0.0
171/22799,PARQUES Y JARDINES/OT.TRBJOS.REAL.OT.EMPRESAS Y PR,171*/22*,,2127500.0,,0.0,2127500.0,1886956.56
171/60928,PARQUES Y JARDINES/ PLAN DE BARRIOS MUNICIPAL 2013-2015.,171*/60*,,0.0,,622678.78,622678.78,607826.52
171/60935,PARQUES Y JARDINES/ PLAN DE EMBELLECIMIENTO,171*/60*,,0.0,,112001.68,112001.68,110937.63
171/60940,PARQUES Y JARDINES/ ACONDICIONAMIENTO Y TERMINACIÓN ZONAS VERDES EN LA URB. EL GALEÓN.,171*/60*,,0.0,,74900.0,74900.0,57148.32
171/61933,PARQUES Y JARDINES/REFORMA Y ACONDICIONAMIENTO DE PARQUES Y JARDINES,171*/61*,,400000.0,,109115.4,509115.4,496614.03
172/20800,PROTECCIÓN Y MEJORA DEL MEDIO AMBIENTE/ARRENDT. OT.INMV.MATERIAL,172*/20*,,5000.0,,0.0,5000.0,1637.1
172/22104,PROTECCIÓN Y MEJORA DEL MEDIO AMBIENTE/VESTUARIO,172*/22*,,5000.0,,0.0,5000.0,679.49
172/22199,PROTECCIÓN Y MEJORA DEL MEDIO AMBIENTE/OT. SUMINISTROS,172*/22*,,12000.0,,0.0,12000.0,2802.49
172/22500,PROTECCIÓN Y MEJORA DEL MEDIO AMBIENTE/TRIBUTOS ESTATALES,172*/22*,,10000.0,,0.0,10000.0,5476.22
172/22502,PROT.Y MEJ. MDIO AMBNTE/TRIBUTOS ENTIDADES LOCALES,172*/22*,,200.0,,0.0,200.0,194.86
172/22602,PROTECCIÓN Y MEJORA DEL MEDIO AMBIENTE/PÚBLICIDAD Y PROPAGANDA,172*/22*,,7000.0,,0.0,7000.0,92.02
172/22699,PRO.Y MEJ.MDIO AMBNTE/OTROS GASTOS DIVERSOS,172*/22*,,3455.0,,0.0,3455.0,4276.18
172/22706,PROTECCIÓN Y MEJORA DEL MEDIO AMBIENTE/ESTUDIOS Y TRABAJOS TÉCNICOS,172*/22*,,15000.0,,0.0,15000.0,13605.0
172/22799,PRO.Y MEJ.MDIO AMB/OT.TRBJOS REA.OT.EMPRESAS Y PRO,172*/22*,,15401.25,,0.0,15401.25,13957.34
172/60932,PROTECCIÓN Y MEJORA DEL MEDIO AMBIENTE/RED DE SENDEROS DE ADEJE,172*/60*,,13200.0,,0.0,13200.0,545.38
172/62900,PROTECCIÓN Y MEJORA DEL MEDIO AMBIENTE/OTRAS INVERSIONES NUEVAS ASOC. AL FUNC. DE LOS SERVICIOS,172*/62*,,10000.0,,0.0,10000.0,0.0
1722/20800,PLAYAS/ARRENDAMIENTO DE OTRO INMOVILIZADO MATERIAL,172*/20*,,6000.0,,0.0,6000.0,5893.56
1722/22199,PLAYAS/OTROS SUMINISTROS.,172*/22*,,5000.0,,0.0,5000.0,57.82
1722/22500,PLAYAS/ TRIBUTOS ESTATALES,172*/22*,,0.0,,0.0,0.0,139.08
1722/22601,PLAYAS / ATENCIONES PROTOCOLARIAS Y REPRESENTATIVAS,172*/22*,,0.0,,0.0,0.0,3341.54
1722/22602,PLAYAS / PUBLICIDAD Y PROPAGANDA,172*/22*,,0.0,,0.0,0.0,1877.2
1722/22698,PLAYAS/RESPONSABILIDAD PATRIMONIAL,172*/22*,,1000.0,,0.0,1000.0,0.0
1722/22699,PLAYAS/ OTROS GASTOS DIVERSOS,172*/22*,,0.0,,0.0,0.0,256.9
1722/22706,PLAYAS/ ESTUDIOS Y TRABAJOS TÉCNICOS,172*/22*,,0.0,,0.0,0.0,535.0
1722/22799,PLAYAS/OTROS TRABAJOS REALIZADOS POR OTRAS EMPRESA,172*/22*,,15000.0,,0.0,15000.0,9380.31
1722/62900,PLAYAS/OTRAS INVERSIONES NUEVAS ASOC.AL FUNC. DE LOS SERVICIOS,172*/62*,,20000.0,,0.0,20000.0,269.64
1722/62924,PLAYAS/ MÓDULOS DE SALVAMENTOS,172*/62*,,0.0,,36739.82,36739.82,34895.34
231/12004,ASISTENCIA SOCIAL PRIMARIA/SUELDOS GRUPO C2,2*/1*,,8468.46,,0.0,8468.46,9200.26
231/12005,ASISTENCIA SOCIAL PRIMARIA/SUELDOS GRUPO E,2*/1*,,7678.58,,0.0,7678.58,8452.45
231/12006,ASISTENCIA SOCIAL PRIMARIA/TRIENIOS,2*/1*,,5585.4,,0.0,5585.4,5524.32
231/12100,ASISTENCIA SOCIAL PRIMARIA/COMPLEMENTO DE DESTINO,2*/1*,,7011.01,,0.0,7011.01,6967.66
231/12101,ASISTENCIA SOCIAL PRIMARIA/COMPLEMENTO ESPECIFICO,2*/1*,,21151.57,,0.0,21151.57,21031.36
231/12103,ASISTENCIA SOCIAL PRIMARIA/OTROS COMPLEMENTOS,2*/1*,,2459.83,,0.0,2459.83,2444.82
231/13100,ASISTENCIA SOCIAL PRIMARIA/RETRIBUCIONES BÁSICAS LAB.TEMP,2*/1*,,610090.49,,266490.22,876580.71,753424.62
231/15000,ASISTENCIA SOCIAL PRIMARIA/PRODUCTIVIDAD,2*/15*,,8885.36,,0.0,8885.36,8409.96
231/16000,ASISTENCIA SOCIAL PRIMARIA/SEGURIDAD SOCIAL,2*/1*,,207536.18,,31613.01,239149.19,230642.24
231/16204,ASISTENCIA SOCIAL PRIMARIA/ ACCIÓN SOCIAL,2*/1*,,0.0,,0.0,0.0,2163.6
231/21200,ASISTENCIA SOCIAL PRIMARIA/REP. MANT.EDIF. Y OTRAS CONSTRUCC.,231*/21*,,1500.0,,0.0,1500.0,0.0
231/22000,ASISTENCIA SOCIAL PRIMARIA/MAT.OFICINA ORD.NO INVENTARIABLE,231*/22*,,2500.0,,2000.0,4500.0,237.46
231/22002,ASISTENCIA SOCIAL PRIMARIA/MATERIAL INFORMÁTICO NO INVENTARIABLE,231*/22*,,300.0,,0.0,300.0,0.0
231/22100,ASISTENCIA SOCIAL PRIMARIA/ENERGÍA ELÉCTRICA,231*/22*,,4000.0,,3000.0,7000.0,2026.79
231/22104,ASISTENCIA SOCIAL PRIMARIA/VESTUARIO,231*/22*,,1000.0,,1000.0,2000.0,0.0
231/22105,ASISTENCIA SOCIAL PRIMARIA/PRODUCTOS ALIMENTICIOS,231*/22*,,8000.0,,5000.0,13000.0,10587.81
231/22106,ASISTENCIA SOCIAL PRIMARIA/PRODUCTOS FARMACEUTICOS,231*/22*,,500.0,,0.0,500.0,489.24
231/22199,ASISTENCIA SOCIAL PRIMARIA/OTROS SUMINISTROS,231*/22*,,9000.0,,2000.0,11000.0,11758.28
231/22200,ASISTENCIA SOCIAL PRIMARIA/SERVICIOS DE TELECOMUNICACIONES,231*/22*,,1000.0,,3000.0,4000.0,3050.57
231/22300,ASISTENCIA SOCIAL PRIMARIA/TRANSPORTE,231*/22*,,3500.0,,0.0,3500.0,3246.3
231/22602,ASISTENCIA SOCIAL PRIMARIA/ PUBLICIDAD Y PROPAGANDA,231*/22*,,2000.0,,0.0,2000.0,0.0
231/22699,ASISTENCIA SOCIAL PRIMARIA/OTROS GASTOS DIVERSOS,231*/22*,,23800.0,,20019.97,43819.97,21987.16
231/22799,ASISTENCIA SOCIAL PRIMARIA/OT.TRBJOS.REALIZ.OT.EMPRESAS Y PROFE,231*/22*,,84294.35,,51802.24,136096.59,149904.16
231/48000,ASISTENCIA SOCIAL PRIMARIA/ATENCIONES BENEFICAS Y ASISTENCIALES,231*/48*,,190000.0,,799816.23,989816.23,618347.85
231/48900,ASISTENCIA SOCIAL PRIMARIA/OTRAS TRANSFERENCIAS,231*/48*,,71500.0,,1524.52,73024.52,56528.6
231/62500,ASISTENCIA SOCIAL PRIMARIA/MOBILIARIO Y ENSERES,231*/62*,,1500.0,,0.0,1500.0,658.15
231/62923,ASISTENCIA SOCIAL PRIMARIA/ SILLA SUBE ESCALERA,231*/62*,,0.0,,8200.0,8200.0,7051.3
2311/12000,ASISTENCIA A PERSONAS DEPENDIENTES/SUELDOS  GRUPO A1,2*/1*,,0.0,,1950.0,1950.0,0.0
2311/12100,ASISTENCIA A PERSONAS DEPENDIENTES/ COMPLEMENTO DE DESTINO,2*/1*,,0.0,,3300.0,3300.0,0.0
2311/13100,ASISTENCIA A PERSONAS DEPENDIENTES/  RETRIBUCIONES BÁSICAS,2*/1*,,732190.47,,-30165.38,702025.09,658089.83
2311/16000,ASISTENCIA A PERSONAS DEPENDIENTES/  SEGURIDAD SOCIAL,2*/1*,,228873.26,,1700.0,230573.26,203789.39
2311/21200,ASISTENCIA A PERSONAS DEPENDIENTES/  EDIFICIOS Y OTRAS CONSTRUCCIONES,2311*/21*,,5000.0,,0.0,5000.0,1360.54
2311/21900,ASISTENCIA A PERSONAS DEPENDIENTES/OTRO INMOVILIZADO MATERIAL,2311*/21*,,1000.0,,0.0,1000.0,83.56
2311/22102,ASISTENCIA A PERSONAS DEPENDIENTES/  GAS,2311*/22*,,21600.0,,0.0,21600.0,13126.56
2311/22104,ASISTENCIA A PERSONAS DEPENDIENTES/  VESTUARIOS,2311*/22*,,600.0,,0.0,600.0,830.65
2311/22106,ASISTENCIA A PERSONAL DEPENDIENTES/PRODUCTOS FARMACEUTICOS Y MATERIAL SANITARIO,2311*/22*,,600.0,,0.0,600.0,0.0
2311/22199,ASISTENCIA A PERSONAS DEPENDIENTES/  OTROS SUMINISTROS,2311*/22*,,3000.0,,0.0,3000.0,4503.77
2311/22300,ASISTENCIA A PERSONAS DEPENDIENTES/  TRANSPORTE,2311*/22*,,1000.0,,0.0,1000.0,1948.7
2311/22699,ASISTENCIA A PERSONAS DEPENDIENTES/  OTROS GASTOS DIVERSOS,2311*/22*,,6000.0,,0.0,6000.0,5016.82
2311/22799,ASISTENCIA A PERSONAS DEPENDIENTES/OT.TRABAJOS  REALIZ. POR OTRAS EMP.,2311*/22*,,192988.35,,30313.75,223302.1,188159.58
2311/62500,ASISTENCIA A PERSONAS DEPENDIENTES/MOBILIARIO Y ENSERES,2311*/62*,,2500.0,,0.0,2500.0,2322.61
2311/62516,ASISTENCIA A PERSONAS DEPENDIENTES/ LICORNIO,2311*/62*,,0.0,,355.0,355.0,0.0
2311/62524,ASISTENCIA A PERSONAS DEPENDIENTES/ MATERIAL PARA FISIOTERAPIA,2311*/62*,,0.0,,76.56,76.56,0.0
2313/21200,RESIDENCIA  DE MAYORES/EDIFICIOS Y OT.CONSTRUCC.,2313*/21*,,2000.0,,0.0,2000.0,4256.04
2313/21300,"RESIDENCIA DE MAYORES/MAQ.,INST.Y UTILLAJE",2313*/21*,,3000.0,,0.0,3000.0,0.0
2313/22102,RESIDENCIA DE MAYORES/GAS,2313*/22*,,21000.0,,0.0,21000.0,12950.9
2313/22106,RESIDENCIA DE MAYORES/PRODUCTOS FARMACEUTICOS,2313*/22*,,2000.0,,0.0,2000.0,1487.66
2313/22199,RESIDENCIA DE MAYORES/OTROS SUMINISTROS,2313*/22*,,10000.0,,0.0,10000.0,5097.95
2313/22699,RESIDENCIA DE MAYORES/OTROS GASTOS DIVERSOS,2313*/22*,,10000.0,,0.0,10000.0,0.0
2313/22799,RESIDENCIA DE MAYORES/OT.TRABAJOS REALZ. OT. EMP.,2313*/22*,,475983.96,,0.0,475983.96,461841.33
241/13100,FOMENTO DEL EMPLEO/ RETRIBUCIONES BASICAS LAB.TEMP,2*/1*,,423420.32,,784823.64,1208243.96,800678.6
241/16000,FOMENTO DEL EMPLEO/ SEGURIDAD SOCIAL,2*/1*,,139778.47,,208463.58,348242.05,229167.43
241/16205,FOMENTO DEL EMPLEO/SEGUROS,2*/1*,,1000.0,,3489.35,4489.35,2492.55
241/20800,FOMENTO EMPLEO/ARRNDAMNTO DE OTRO INMOV.MATERIAL,241*/20*,,12600.0,,0.0,12600.0,4921.72
241/22000,FOMENTO EMPLEO/MAT. OFICINA ORD NO INVENTARIABLE,241*/22*,,3000.0,,19920.34,22920.34,17735.36
241/22002,FOMENTO EMPLEO/MATERIAL INFORMÁTICO NO INVTRIABLE,241*/22*,,1000.0,,3000.0,4000.0,35.05
241/22102,FOMENTO DEL EMPLEO/ GAS,241*/22*,,0.0,,1700.0,1700.0,1230.86
241/22104,FOMENTO DEL EMPLEO/ VESTUARIO.,241*/22*,,8600.0,,18225.0,26825.0,15329.4
241/22105,FOMENTO DEL EMPLEO/PRODUCTOS ALIMENTICIOS,241*/22*,,500.0,,39552.05,40052.05,35845.62
241/22110,FOMENTO DEL EMPLEO/PRODUCTOS DE LIMPIEZA Y ASEO,241*/22*,,500.0,,5395.0,5895.0,582.41
241/22199,FOMENTO DE EMPLEO/OTROS SUMINISTROS,241*/22*,,81550.17,,29675.14,111225.31,31614.3
241/22300,FOMENTO DEL EMPLEO/TRANSPORTE,241*/22*,,500.0,,4400.0,4900.0,1123.5
241/22602,FOMENTO DEL EMPLEO/PUBLICIDAD Y PROPAGANDA,241*/22*,,2500.0,,0.0,2500.0,8867.33
241/22699,FOMENTO DEL EMPLEO/OTROS GASTOS DIVERSOS,241*/22*,,15000.0,,-1380.81,13619.19,1863.94
241/22706,FOMENTO DEL EMPLEO/ ESTUDIOS Y TRABAJOS TÉCNICOS.,241*/22*,,0.0,,12328.2,12328.2,25801.63
241/22799,FOMENTO EMPLEO/OT.TRABJOS REALZ.OT.EMPRESAS Y PROF,241*/22*,,133111.29,,356513.37,489624.66,370663.36
241/23020,FOMENTO DEL EMPLEO/ DIETAS DEL PERSONAL NO DIRECTIVO,241*/23*,,0.0,,260.0,260.0,0.0
241/23120,FOMENTO DEL EMPLEO/ LOCOMOCIÓN DEL PERSONAL NO DIRECTIVO,241*/23*,,0.0,,400.0,400.0,378.5
241/48100,"FOMENTO DEL EMPLEO/PREMIOS,BECAS Y PENSIONES",241*/48*,,3500.0,,4875.0,8375.0,5175.0
241/62500,FOMENTO DEL EMPLEO/ MOBILIARIO Y ENSERES,241*/62*,,6000.0,,1380.81,7380.81,9555.81
241/62905,FOMENTO DEL EMPLEO/OTRO INMOVILIZADO MATERIAL,241*/62*,,3000.0,,0.0,3000.0,825.0
241/62918,FOMENTO DEL EMPLEO/ MENAJE CURSO SERVICIO BAR Y CAFETERÍA,241*/62*,,0.0,,2500.0,2500.0,2500.0
241/62933,FOMENTO DEL EMPLEO/ MENAJE CURSO PASTELERÍA,241*/62*,,0.0,,1000.0,1000.0,1000.0
241/62934,FOMENTO DEL EMPLEO/ MENAJE CURSO PANADERÍA Y BOLLERÍA,241*/62*,,0.0,,1000.0,1000.0,1000.0
241/62935,FOMENTO DEL EMPLEO/ MENAJE CURSO REPOSTERÍA,241*/62*,,0.0,,1000.0,1000.0,1000.0
241/62937,FOMENTO DEL EMPLEO/ MENAJE CURSO COCINA,241*/62*,,0.0,,2602.0,2602.0,2602.0
311/12000,PROTECCIÓN DE LA SALUBRIDAD PÚBLICA/ SUELDOS GRUPO A1,3*/1*,,0.0,,1950.0,1950.0,0.0
311/12100,PROTECCIÓN DE LA SALUBRIDAD PÚBLICA/ COMPLEMENTO DE DESTINO,3*/1*,,0.0,,3400.0,3400.0,0.0
311/13100,PROTECCIÓN DE LA SALUBRIDAD PÚBLICA/RETRIBUCIONES BASICAS,3*/1*,,118142.04,,0.0,118142.04,73343.66
311/16000,PROTECCIÓN DE LA SALUBRIDAD PÚBLICA/SEGURIDAD SOCIAL,3*/1*,,36354.94,,1800.0,38154.94,22208.98
311/22113,PROTECCIÓN DE LA SALUBRIDAD PÚBLICA/MANUTECIONES DE ANIMALES,311*/22*,,5000.0,,0.0,5000.0,0.0
311/22199,PROTECCIÓN DE LA SALUBRIDAD PÚBLICA/OTROS SUMINISTROS,311*/22*,,10500.0,,0.0,10500.0,12415.36
311/22706,PROTECCIÓN DE LA SALUBRIDAD PÚBLICA/.ESTUDIOS.Y TRAB.TEC.,311*/22*,,18833.0,,0.0,18833.0,19099.85
311/22799,PROTECCIÓN DE LA SALUBRIDAD PÚBLICA/OT.TRAB.RLZ.OT.EMP.Y PROFESION,311*/22*,,117200.2,,1911.31,119111.51,107853.56
311/62532,PROTECCIÓN A LA SALUBRIDAD PÚBLICA/FRIGORÍFICO-CONGELADOR LABORATORIO,311*/62*,,0.0,,1147.04,1147.04,998.9
320/13100,ADMT.GRAL.EDUCACIÓN/RETRIBUCIONES BÁSICAS LAB.TEMP,3*/1*,,327610.5,,0.0,327610.5,402491.07
320/16000,ADMT.GRAL EDUCACIÓN/ SEGURIDAD SOCIAL,3*/1*,,106285.41,,0.0,106285.41,125893.45
323/13100,FUNC. DE CENTROS DOCENTES DE EDUC.PREES. Y PRIM.Y EDUC.ESPECIAL/ RETRIBUCIONES BASICAS LAB.TEM,3*/1*,,191861.28,,-18997.81,172863.47,171823.04
323/16000,FUNC. DE CENTROS DOCENTES DE EDUC.PREES. Y PRIM.Y EDUCACIÓN ESPECIAL/SEGURIDAD SOCIAL,3*/1*,,63130.19,,-537.15,62593.04,41458.96
323/21200,FUNC. DE CENTROS DOCENTES DE EDUC.PREESCOLAR Y PRIMY EDUC.ESPECIAL/EDIF.Y OTRAS CONSTRUCCIONES,323*/21*,,80000.0,,-35000.0,45000.0,43372.4
323/21300,FUNC. DE CENTROS DOCENTES DE EDUC.PREES. Y PRIM.Y EDUC.ESPECIAL/REP.MANT.MAQ.INSTALAC.Y UTILLA,323*/21*,,1000.0,,0.0,1000.0,710.7
323/22100,FUNC.DE CENTROS DOCENTES DE PREESCOLAR Y PRIM. Y EDUC. ESPECIAL /ENERGIA ELECTRICA,323*/22*,,60000.0,,-12000.0,48000.0,48887.54
323/22104,FUNC.CENTROS DOCENTES PREES.Y PRIM. Y EDUC.ESPECIAL/VESTUARIO,323*/22*,,1000.0,,0.0,1000.0,0.0
323/22105,FUNC.CENTRO DE EDUC.PRESC. Y PRIMARIAY EDUC. ESPECIAL/PRODUCTOS ALIMENTICIOS,323*/22*,,2500.0,,0.0,2500.0,1963.02
323/22199,FUNC.CENTROS DE EDUC.PREES. Y PRIM.Y EDUC. ESPECIAL/OTROS SUMINISTROS,323*/22*,,6000.0,,0.0,6000.0,4487.35
323/22300,FUNC.CENTROS DE EDUC.PREEDCOLAR Y PRIM.Y EDUC. ESPECIAL/TRANSPORTES,323*/22*,,10000.0,,0.0,10000.0,22670.15
323/22699,FUNC.CENTROS DE EDUC.PREESC.Y PRIM.Y EDUC.ESPECIAL/OTROS GASTOS DIVERSOS,323*/22*,,2500.0,,30000.0,32500.0,1275.9
323/22799,FUNC.CENTROS DE EDU.PREES.Y PRIM.Y EDUC.ESPECIAL/OT.TRBJS.REAL.OT.EMPRESAS Y PROF,323*/22*,,97736.48,,24391.44,122127.92,120366.77
3231/22001,"FUNCIONAMIENTO ESCUELA DE SEGURIDAD/PRENSA,REVISTAS,LIBROS Y OT.PUBLICAC",3231*/22*,,1000.0,,0.0,1000.0,0.0
3231/22199,FUNCIONAMIENTO ESCUELA DE SEGURIDAD/OTROS SUMINISTROS,3231*/22*,,3000.0,,0.0,3000.0,0.0
3231/22699,FUNCIONAMIENTO ESCUELA DE SEGURIDAD/OTROS GASTOS DIVERSOS,3231*/22*,,2000.0,,0.0,2000.0,0.0
3231/22799,FUNCIONAMIENTO ESCUELA DE SEGURIDAD/OT. TRBJOS.REALIZ.OT.EMPRESAS Y PROF,3231*/22*,,60000.0,,-9919.61,50080.39,26088.72
3231/62905,FUNCIONAMIENTO DE LA ESCUELA DE SEGURIDAD/ OTRO INMOVILIZADO MATERIAL,3231*/62*,,0.0,,9921.86,9921.86,0.0
3232/22001,"FUNC. DE CENTROS DOCENTES UNIVERSITARIO EN ADEJE/PRENSA,REVISTAS, LIBROS Y OT.PÚBLICACIONES",3232*/22*,,6700.0,,0.0,6700.0,3387.28
3232/22300,FUNCIONAMIENTO CNTRO DCNTE UNIVERSITARIO DE ADEJE/ TRANSPORTE,3232*/22*,,0.0,,0.0,0.0,1757.8
3232/22699,FUNC. DE CENTROS DOCENTES UNIVERSITARIO EN ADEJE/OTROS GASTOS DIVERSOS,3232*/22*,,2000.0,,0.0,2000.0,435.49
3232/62500,FUNC. DE CENTROS DOCENTES UNIVERSITARIO EN ADEJE/MOBILIARIO Y ENSERES,3232*/62*,,20403.75,,-5812.0,14591.75,14591.31
3232/62505,FUNC. DE CENTROS DOCENTES UNIVERSITARIO EN ADEJE/ELEMENTOS ACCS.SIST.VIDEO AULAS ULL,3232*/62*,,16000.0,,-16000.0,0.0,0.0
3232/62601,FUNC. DE CENTROS DOCENTES UNIVERSITARIO EN ADEJE/POLICÓN GRADO DE TURISMO,3232*/62*,,9000.0,,-9000.0,0.0,0.0
326/20500,SERVICIOS COMPLEMENTARIOS DE EDUCACIÓN/ARRENDAMIENTO DE MOBILIARIO Y ENSERES,326*/20*,,2000.0,,0.0,2000.0,481.5
326/20800,SERVICIOS COMPLEMENTARIOS DE EDUCACIÓN/ARRENDAMIENTO DE OTRO INMOVILIZADO,326*/20*,,300.0,,0.0,300.0,346.68
326/22199,SERVICIOS COMPLEMENTARIOS DE EDUCACIÓN/OTROS SUMINISTROS,326*/22*,,3000.0,,0.0,3000.0,4075.57
326/22300,SERVICIOS COMPLEMENTARIOS DE EDUCACIÓN/TRANSPORTES,326*/22*,,10000.0,,0.0,10000.0,7038.8
326/22602,SERVICIOS COMPLEMENTARIOS DE EDUCACIÓN/PUBLICIDAD Y PROPAGANDA,326*/22*,,3000.0,,0.0,3000.0,2939.82
326/22610,SERVICIOS COMPLEMENTARIOS DE EDUCACIÓN/ UNIVERSIDAD DE VERANO,326*/22*,,45000.0,,-3327.52,41672.48,1605.0
326/22611,SERVICIOS COMPLEMENTARIOS DE EDUCACIÓN /UNIVERSIDAD POPULAR,326*/22*,,10000.0,,-7000.0,3000.0,1042.4
326/22699,SERVICIOS COMPLEMENTARIOS DE EDUCACIÓN/OTROS GASTOS DIVERSOS,326*/22*,,15220.0,,-5399.85,9820.15,30405.14
326/22706,SERVICIOS COMPLEMENTARIOS DE EDUCACIÓN/ESTUDIOS Y TRABAJOS TÉCNICOS,326*/22*,,0.0,,10600.0,10600.0,15913.92
326/22799,SERVICIOS COMPLEMENTARIOS DE EDUCACIÓN/OT.TRAB.REALZ.OT. EMP.,326*/22*,,10945.46,,0.0,10945.46,22063.56
326/48100,"SERVICIOS COMPLEMENTARIOS DE EDUCACIÓN/PREMIO,BECAS Y PENSIONES D ESTUDIO",326*/48*,,62000.0,,0.0,62000.0,60600.0
326/48900,SERVICIOS COMPLEMENTARIOS DE EDUCACIÓN/OTRAS TRANSFERENCIAS,326*/48*,,127000.0,,-21000.0,106000.0,103809.21
327/22199,FOMENTO DE LA CONVIVENCIA CIUDADANA/SUMINISTROS,327*/22*,,8000.0,,0.0,8000.0,5347.8
327/22300,FOMENTO DE LA CONVIVENCIA CIUDADANA/TRANSPORTE,327*/22*,,6000.0,,-2.25,5997.75,190.0
327/22602,FOMENTO DE LA CONVIVENCIA CIUDADANA/PUBLICIDAD Y PROPAGANDA,327*/22*,,10000.0,,0.0,10000.0,0.0
327/22699,FOMENTO DE LA CONVIVENCIA CIUDADANA/OTROS GASTOS DIVERSOS,327*/22*,,36000.0,,-30000.0,6000.0,10679.53
327/22799,FOMENTO DE LA CONVIVENCIA CIUDADANA/OT.RAB.REALIZ.OT.EMPRESAS,327*/22*,,40000.0,,0.0,40000.0,50507.46
330/12000,ADMINISTRACIÓN GENERAL DE CULTURA/ SUELDOS GRUPO A1,3*/1*,,0.0,,1950.0,1950.0,0.0
330/12100,ADMINISTRACIÓN GENERAL DE CULTURA/ COMPLEMENTO DE DESTINO,3*/1*,,0.0,,3400.0,3400.0,0.0
330/16000,ADMINISTRACIÓN GENERAL DE CULTURA/ SEGURIDAD SOCIAL,3*/1*,,0.0,,1800.0,1800.0,0.0
3321/13100,BIBLIOTECAS PÚBLICAS/ RETRIBUC. PERS.LAB. FIJO,3*/1*,,66214.43,,0.0,66214.43,64909.33
3321/16000,BIBLIOTECAS PÚBLICAS/ SEGURIDAD SOCIAL,3*/1*,,20381.1,,0.0,20381.1,19779.16
3321/22001,"BIBLIOTECAS PÚBLICAS/ PRENSA,REVISTAS,LIBROS Y OTRAS PUBLICACIONES",332*/22*,,4000.0,,0.0,4000.0,6012.06
3321/22199,BIBLIOTECAS PÚBLICAS/ OTROS SUMINISTROS,332*/22*,,1000.0,,0.0,1000.0,0.0
3321/22602,BIBLIOTECAS PÚBLICAS/ PUBLICIDAD Y PROPAGANDA,332*/22*,,600.0,,0.0,600.0,0.0
3321/22699,BIBLIOTECAS PÚBLICAS/ OTROS GASTOS DIVERSOS,332*/22*,,1000.0,,0.0,1000.0,140.26
3321/48100,BIBLIOTECAS PÚBLICAS/PREMIOS BECAS Y PENSIONES,332*/48*,,18900.0,,0.0,18900.0,17850.0
3322/12000,ARCHIVOS/SUELDOS DEL GRUPO A1,3*/1*,,15526.7,,0.0,15526.7,15895.13
3322/12006,ARCHIVOS/TRIENIOS,3*/1*,,3749.2,,0.0,3749.2,3716.52
3322/12100,ARCHIVOS/COMPLEMENTO DE DESTINO,3*/1*,,8160.88,,0.0,8160.88,8160.88
3322/12101,ARCHIVOS/COMPLEMENTO ESPECIFICO,3*/1*,,16177.7,,0.0,16177.7,16177.7
3322/12103,ARCHIVOS/OTROS COMPLEMENTOS,3*/1*,,2272.12,,0.0,2272.12,2272.06
3322/15000,ARCHIVOS/PRODUCTIVIDAD,3*/15*,,6721.11,,0.0,6721.11,5414.73
3322/16000,ARCHIVOS/SEGURIDAD SOCIAL,3*/1*,,13251.35,,0.0,13251.35,13565.88
3322/22799,ARCHIVOS/OTROS TRAB. REALIZ. OT EMPRESAS,332*/22*,,22000.0,,-22000.0,0.0,0.0
334/13000,PROM. CULTURAL./RETRIBUCIONES BÁSICAS,3*/1*,,39291.7,,0.0,39291.7,43251.2
334/13002,PROM. CULTURAL/OTRAS RETRIBUCIONES,3*/1*,,8527.92,,0.0,8527.92,8596.72
334/13100,PROM. CULTURAL/RETRIBUCIONES BÁSICAS LAB.TEMP,3*/1*,,706687.13,,0.0,706687.13,710492.32
334/16000,PROM. CULTURAL/SEGURIDAD SOCIAL,3*/1*,,245028.97,,0.0,245028.97,295013.78
334/20500,Promoción cultural/Arrendamientos de mobiliario y enseres,334*/20*,,6000.0,,0.0,6000.0,5696.67
334/20800,PROMOCION CULTURA/ARENDAMIENTO DE OTRO INMV. MATERIAL,334*/20*,,5600.0,,0.0,5600.0,5835.02
334/21300,PROMOCION CULTURAL/INSTALACIONES Y UTILLAJE,334*/21*,,3000.0,,-3000.0,0.0,0.0
334/21500,PROMOCION CULTURAL/MOBILIARIO Y ENSERES,334*/21*,,2000.0,,-1000.0,1000.0,791.13
334/22104,PROM. Y DIF. DE LA CULTURA/VESTUARIO,334*/22*,,2000.0,,0.0,2000.0,909.5
334/22199,PROM. CULTURAL/OTROS SUMINISTROS.,334*/22*,,10000.0,,0.0,10000.0,31699.8
334/22300,PROM. CULTURAL/ TRANSPORTE,334*/22*,,3000.0,,0.0,3000.0,7477.6
334/22601,PROM.CULTURALATENCIONES PROTOCOLARIAS Y REPRESENTATIVAS,334*/22*,,1000.0,,0.0,1000.0,0.0
334/22602,PROM. CULTURAL/PUBLICIDAD Y PROPAGANDA,334*/22*,,6000.0,,0.0,6000.0,13185.43
334/22609,PROM.CULTURAL/ACTIVIDADES CULTURALES,334*/22*,,62000.0,,3327.52,65327.52,90089.02
334/22699,PROMOCION CULTURAL/OT.GASTOS DIVERSOS,334*/22*,,18500.0,,164155.37,182655.37,67453.45
334/22799,PROM. CULTURAL/OT.TRBJOS.REALIZ.OT.EMPRESAS Y PROF,334*/22*,,303791.49,,-60000.0,243791.49,293973.22
334/48900,PROM. CULTURAL/OTRAS TRANSFERENCIAS,334*/48*,,42250.0,,55000.0,97250.0,97250.0
334/60928,PROMOCIÓN CULTURAL/ PLAN DE BARRIOS MUNICIPAL 2013-2015,334*/60*,,0.0,,0.0,0.0,0.0
334/62219,PROMOCIÓN CULTURAL/ SALÓN SOCIOCULTURAL DEL BARRIO DE LA CALETA,334*/62*,,0.0,,61441.4,61441.4,61441.4
334/62400,PROMOCIÓN CULTURAL/ ELEMENTOS DE TRANSPORTE,334*/62*,,0.0,,7500.0,7500.0,7500.0
334/62500,PROMOCIÓN CULTURAL/ MOBILIARIO Y ENSERES,334*/62*,,0.0,,5000.0,5000.0,4990.63
334/62503,PROMOCIÓN CULTURAL/ INSTRUMENTOS MUSICALES,334*/62*,,3000.0,,3000.0,6000.0,5698.66
334/62900,PROMOCIÓN CULTURAL/ OTRAS INV. NUEVAS ASOCIADAS AL FUNCNMTO. DE LOS SERVICIOS.,334*/62*,,0.0,,300.0,300.0,0.0
334/62909,PROMOCIÓN CULTURAL/ INSTALACIÓN AIRE ACONDICIONADO,334*/62*,,0.0,,21500.0,21500.0,19865.9
336/13100,PROTECCIÓN Y GESTIÓN DEL PATRIMONIO HISTÓRICO-ARTÍSTICO/RETRIBUCIONES BÁSICAS LAB.TEM,3*/1*,,43552.15,,0.0,43552.15,43016.52
336/16000,PROTECCIÓN Y GESTIÓN DEL PATRIMONIO HISTÓRICO-ARTÍSTICO/ SEGURIDAD SOCIAL,3*/1*,,13687.55,,0.0,13687.55,10647.62
336/22001,"PROTECCIÓN Y GESTIÓN DEL PATRIMONIO HISTÓRICO-ARTÍSTICO/PRENSA,REVISTAS,LIBROS Y OT.P",336*/22*,,1000.0,,0.0,1000.0,7607.81
336/22300,PROTECCIÓN Y GESTIÓN DEL PATRIMONIO HISTÓRICO- ARTÍSTICO/ TRANSPORTES.,336*/22*,,1500.0,,0.0,1500.0,933.95
336/22699,PROTECCIÓN Y GESTIÓN DEL PATRIMONIO HISTÓRICO- ARTÍSTICO/OTROS GASTOS DIVERSOS,336*/22*,,6000.0,,0.0,6000.0,5758.19
336/22799,PROTECCIÓN Y GESTIÓN DEL PATRIMONIO HISTÓRICO-ARTÍSTICO/ OT. TRABAJOS REALZ.OT. EMP.,336*/22*,,6000.0,,0.0,6000.0,192.6
3371/13100,TERCERA EDAD/REMUNERACIONES BÁSICAS LAB.TEMP,3*/1*,,121691.14,,0.0,121691.14,146275.72
3371/16000,TERCERA EDAD/ SEGURIDAD SOCIAL,3*/1*,,38091.83,,0.0,38091.83,40214.04
3371/22300,TERCERA EDAD/ TRANSPORTES,337*/22*,,8500.0,,0.0,8500.0,10356.4
3371/22699,TERCERA EDAD/OTROS GASTOS DIVERSOS,337*/22*,,2500.0,,0.0,2500.0,5513.89
3371/22799,TERCERA EDAD/OT.TRBJOS.REALIZ.OT.EMPRESAS Y PROFES,337*/22*,,22000.0,,0.0,22000.0,13883.71
3371/48900,TERCERA EDAD/ OTRAS TRANSFERENCIAS,337*/48*,,10000.0,,0.0,10000.0,10000.0
3372/13100,JUVENTUD/REMUNERACIONES BÁSICAS LAB.TEMP,3*/1*,,115424.95,,-19016.95,96408.0,21284.39
3372/16000,JUVENTUD/ SEGURIDAD SOCIAL,3*/1*,,36491.22,,-8411.06,28080.16,6387.15
3372/20500,JUVENTUD/ARRENDAMIENTO MOBILIARIO Y ENSERES,337*/20*,,1000.0,,1243.39,2243.39,2370.05
3372/20800,JUVENTUD/ARRENDAMIENTO DE OTRO INMV.MATERIAL,337*/20*,,300.0,,0.0,300.0,173.34
3372/21300,JUVENTUD/REP.MANT.Y CONS. MAQ. INSTALAC. Y UTILLAJE,337*/21*,,1000.0,,-1000.0,0.0,0.0
3372/22001,"JUVENTUD/PRENSA, REVISTAS,LIBROS Y OTRA",337*/22*,,660.0,,0.0,660.0,66.33
3372/22104,JUVENTUD/ VESTUARIO,337*/22*,,500.0,,0.0,500.0,360.13
3372/22199,JUVENTUD/OTROS SUMINISTROS,337*/22*,,1000.0,,0.0,1000.0,7482.4
3372/22300,JUVENTUD/ TRANSPORTES,337*/22*,,8000.0,,0.0,8000.0,5712.2
3372/22602,JUVENTUD/PUBLICIDAD Y PROPAGANDA,337*/22*,,2000.0,,0.0,2000.0,222.56
3372/22609,JUVENTUD/ACTIVIDADES CULTURALES Y RECREATIVAS,337*/22*,,22500.0,,6116.61,28616.61,21431.37
3372/22699,JUVENTUD/OTROS GASTOS DIVERSOS,337*/22*,,3400.0,,0.0,3400.0,10287.36
3372/22799,JUVENTUD/OT.TRBJOS.REALIZ.OT.EMPRESAS Y PROFESIONA,337*/22*,,15500.0,,-7500.0,8000.0,5865.91
3372/48100,"JUVENTUD/PREMIOS, BECAS Y PENSIONES",337*/48*,,3600.0,,-3600.0,0.0,0.0
3372/48900,JUVENTUD/ OTRAS TRANSFERENCIAS,337*/48*,,8000.0,,-2760.0,5240.0,5240.0
3372/62909,JUVENTUD/ INSTALACIÓN AIRE ACONDICIONADO,337*/62*,,0.0,,8000.0,8000.0,7999.7
338/20500,FIESTAS POPULARES Y FESTEJOS/ ARRENDAMIENTOS DE MOBILIARIO Y ENSERES,338*/20*,,3000.0,,2500.0,5500.0,5694.54
338/20800,FIESTAS POPULARES Y FESTEJOS/ ARRENDAMIENTOS DE MOBILIARIO DE OTRO INMOV. MATERIAL,338*/20*,,15200.0,,3000.0,18200.0,16568.02
338/22104,FIESTAS POPULARES Y FESTEJOS/ VESTUARIO,338*/22*,,1700.0,,1000.0,2700.0,7413.81
338/22199,FIESTAS POPULARES Y FESTEJOS/ OTROS SUMINISTROS,338*/22*,,3500.0,,25000.0,28500.0,60551.81
338/22300,FIESTAS POPULARES Y FESTEJOS/ TRANSPORTE,338*/22*,,1000.0,,5000.0,6000.0,4814.5
338/22601,FIESTAS POPULARES Y FESTEJOS/ ATENCIONES PROTOCOLARIAS Y REPRESENTATIVAS,338*/22*,,1000.0,,0.0,1000.0,0.0
338/22602,FIESTAS POPULARES Y FESTEJOS/ PUBLICIDAD Y PROPAGANDA,338*/22*,,4000.0,,6000.0,10000.0,10070.84
338/22609,FIESTAS POPULARES Y FESTEJOS/ ACTIVIDADES CULTURALES,338*/22*,,50470.0,,25000.0,75470.0,64622.87
338/22699,FIESTAS POPULARES Y FESTEJOS/ OTROS GASTOS DIVERSOS,338*/22*,,26500.0,,99253.1,125753.1,99316.56
338/22799,FIESTAS POPULARES Y FESTEJOS/ TRABAJOS REALIZADOS POR OTRAS EMPRESAS,338*/22*,,60000.0,,45000.0,105000.0,102251.44
338/48900,FIESTAS POPULARES Y FESTEJOS/ OTRAS TRANSFERENCIAS,338*/48*,,57900.0,,20000.0,77900.0,77900.0
340/13000,ADMT.GRAL.DEPORTES/RETRIBUCIONES BASICAS,3*/1*,,33966.55,,0.0,33966.55,34918.78
340/13002,ADMT.GRAL.DEPORTES/OT.REMUNERACIONES,3*/1*,,8365.56,,0.0,8365.56,8405.96
340/13100,ADMINISTRACIÓN GRAL.DEPORTES/RETRIBUCIONES BASICAS,3*/1*,,136862.4,,0.0,136862.4,106796.22
340/16000,ADMT.GRAL.DEPORTES/SEGURIDAD SOCIAL,3*/1*,,58477.79,,0.0,58477.79,46832.52
340/62400,ADMINISTRACIÓN GENERAL DE DEPORTES/ ELEMENTOS DE TRANSPORTE,340*/62*,,0.0,,9000.0,9000.0,9000.0
340/62909,ADMINISTRACIÓN GENERAL DE DEPORTES/ INSTALACIÓN DE AIRE ACONDICIONADO,340*/62*,,0.0,,1800.0,1800.0,1681.28
341/20200,"PRO,Y FOM,DEL DEPORTE/ARREND.DE EDIF.Y OT.CONST.",341*/20*,,76580.0,,0.0,76580.0,69413.34
341/20500,PROM.Y FOM.DEL DEPORTE/ARRENDT.DE MOB.  Y ENSERES,341*/20*,,1200.0,,0.0,1200.0,5483.33
341/20800,PROM.Y FOM.DEL DEPORTE/ARRENDT.DE OTRO INMV.MATERIAL,341*/20*,,2500.0,,0.0,2500.0,1415.61
341/21300,"PROM. Y FOM.DEL DEPORTE/MAQ.,INST. Y UTILLAJE",341*/21*,,6000.0,,-5589.65,410.35,410.35
341/22100,PROM.Y FOM.DEL DEPORTE/ENERGÍA ELÉCTRICA,341*/22*,,96000.0,,0.0,96000.0,60110.79
341/22104,PROM.Y FOM.DEL DEPORTE/ VESTUARIO,341*/22*,,3000.0,,0.0,3000.0,1114.78
341/22199,PROM.Y FOM.DEL DEPORTE/ OTROS SUMINISTROS,341*/22*,,10000.0,,0.0,10000.0,45488.79
341/22300,PROM.Y FOMENT.DEL DEPORTE/ TRANSPORTES,341*/22*,,10000.0,,0.0,10000.0,26679.37
341/22601,PROM.Y FOMENT.DEL DEPORTE/ATENC. PROTOC. Y REP.,341*/22*,,1000.0,,0.0,1000.0,0.0
341/22602,PROM.Y FOMT.DEL DEPORTE/PUBLICIDAD Y PROPAGANDA,341*/22*,,3000.0,,0.0,3000.0,1866.62
341/22609,PROM. Y FOM. DEL DEPORTE/ACTV.CULT.Y DEPORTIVAS,341*/22*,,38000.0,,7000.0,45000.0,7864.5
341/22699,PROM.Y FOM. DEPORTE/OTROS GASTOS DIVERSOS,341*/22*,,59500.0,,50413.06,109913.06,79226.37
341/22799,PROM.Y FOM.DEPORTE/OT.TRBJOS REALIZ.OT.EMPRESAS Y,341*/22*,,689546.16,,60000.0,749546.16,778061.17
341/48900,PROM. Y FOM.DEL DEPORTE/ OTRAS TRANSFERENCIAS,341*/48*,,165000.0,,-3520.0,161480.0,161080.0
342/13100,INSTALACIONES DEPORTIVAS/RETRIBUCIONES BÁSICAS,3*/1*,,205449.5,,-8328.8,197120.7,175119.58
342/16000,INSTALACIONES DEPORTIVAS/SEGURIDAD SOCIAL,3*/1*,,68785.95,,-4546.6,64239.35,56382.3
342/60928,INSTALACIONES DEPORTIVAS/ PLAN DE BARRIOS MUNICIPAL 2013-2015,342*/60*,,0.0,,35866.4,35866.4,35866.4
342/62200,INSTALACIONES DEPORTIVAS/EDIFICIOS Y OTRAS CONSTRUCCIONES,342*/62*,,125000.0,,55899.47,180899.47,135625.35
4312/22104,"MERCADOS,ABASTOS Y LONJAS/ VESTUARIO",431*/22*,,1000.0,,0.0,1000.0,35.8
4312/22199,"MERCADOS,ABASTOS Y LONJAS/ OTROS SUMINISTROS",431*/22*,,2000.0,,0.0,2000.0,4304.6
4312/22602,"MERCADOS,ABASTOS Y LONJAS/PUBLICIDAD Y PROPAGANDA",431*/22*,,3000.0,,0.0,3000.0,3773.54
4312/22699,"MERCADOS,ABASTOS Y LONJAS/OTROS GASTOS DIVERSOS",431*/22*,,1000.0,,0.0,1000.0,441.04
4312/22706,"MERCADO,ABASTOS Y LONJAS/ESTUDIOS Y TRABAJOS TÉCNICOS",431*/22*,,18000.0,,0.0,18000.0,12738.0
4312/22799,"MERCADOS,ABASTOS Y LONJAS/OT.TRBJOS.REALIZ.OT.EMPRESAS",431*/22*,,2000.0,,0.0,2000.0,2633.5
432/12003,INFORMACIÓN Y PROMOCIÓN TURÍSTICA/SUELDOS DEL GRUPO C1,4*/1*,,10080.28,,0.0,10080.28,11100.9
432/12006,INFORMACIÓN Y PROMOCIÓN TURÍSTICA/TRIENIOS,4*/1*,,3104.58,,0.0,3104.58,2930.59
432/12100,INFORMACIÓN Y PROMOCIÓN TURÍSTICA/COMPLEMENTO DE DESTINO,4*/1*,,4270.14,,0.0,4270.14,4158.3
432/12101,INFORMACIÓN Y PROMOCIÓN TURÍSTICA/COMPLEMENTO ESPECIFICO,4*/1*,,8029.42,,0.0,8029.42,7819.13
432/12103,INFORMACIÓN Y PROMOCIÓN TURÍSTICA/OTROS COMPLEMENTOS,4*/1*,,1537.23,,0.0,1537.23,1496.94
432/13000,INFORMACIÓN Y PROMOCIÓN TURÍSTICA/RETRIBUCIONES BASICAS,4*/1*,,55626.55,,0.0,55626.55,56975.9
432/13002,INFORMACIÓN Y PROMOCIÓN TURÍSTICA/OTRAS REMUNERACIONES,4*/1*,,14524.8,,0.0,14524.8,14573.05
432/13100,INFORMACIÓN Y PROMOCIÓN TURÍSTICA/RETRIBUCIONES BASICAS LAB.TEM,4*/1*,,137184.98,,0.0,137184.98,164114.25
432/15000,INFORMACIÓN Y PROMOCIÓN TURÍSTICA/PRODUCTIVIDAD,4*/15*,,4810.96,,0.0,4810.96,4686.84
432/16000,INFORMACIÓN Y PROMOCIÓN TURÍSTICA/SEGURIDAD SOCIAL,4*/1*,,74711.16,,0.0,74711.16,75711.81
432/22104,INFORMACIÓN Y PROMOCIÓN TURÍSTICA/VESTUARIO,432*/22*,,1000.0,,0.0,1000.0,351.94
432/22112,"INFORMACIÓN Y PROMOCIÓN TURÍSTICA/SUMINISTRO DE MATERIAL ELECTRÓNICO,ELÉCTRICO Y DE TELECOMUNICACION",432*/22*,,0.0,,0.0,0.0,18.0
432/22602,INFORMACIÓN Y PROMOCIÓN TURÍSTICA/PUBLICIDAD Y PROPAGANDA,432*/22*,,64300.0,,0.0,64300.0,75587.9
432/22699,INFORMACIÓN Y PROMOCIÓN TURÍSTICA/OTROS GASTOS DIVERSOS,432*/22*,,18384.0,,0.0,18384.0,43806.49
432/22706,INFORMACIÓN Y PROMOCIÓN TURÍSTICA/ESTUDIOS Y TRABAJOS TÉCNICOS.,432*/22*,,930.0,,0.0,930.0,20282.09
432/22799,INFORMACIÓN Y PROMOCIÓN TURÍSTICA/OT.TRBJOS.REAL.OT.EMPRESAS Y PR,432*/22*,,242000.0,,-100000.0,142000.0,58407.29
432/46100,"INFORMACIÓN Y PROMOCIÓN TURÍSTICA/A DIP.,CONS.Y CABILDOS",432*/46*,,204424.0,,0.0,204424.0,204424.0
432/60920,INFORMACIÓN Y PROMOCIÓN TURÍSTICA/CANALIZACIÓN BARRANCO DEL LOMO EN AVDA JARDINES DEL DUQUE,432*/60*,,0.0,,0.0,0.0,0.0
432/60927,INFORMACIÓN Y PROMOCIÓN TURÍSTICA/CONSTRUCCIÓN SENDA PEATONAL AVDA DE LA GALGA EN CALLAO SALVAJE,432*/60*,,0.0,,77438.7,77438.7,76796.69
432/61913,INFORMACIÓN Y PROMOCIÓN TURÍSTICA/REPAVIMENTACIÓN Y MEJORA DEL PASEO Y PEATONALES DEL PUERTITO,432*/61*,,0.0,,61251.24,61251.24,49385.58
432/61916,INFORMACIÓN Y PROMOCIÓN TURÍSTICA/PLAN DE RECUPERACIÓN DE ESPACIOS VERDES EN C.A.,432*/61*,,0.0,,435664.54,435664.54,434498.95
432/61918,INFORMACIÓN Y PROMOCIÓN TURÍSTICA/MEJORA Y REPOSICIÓN DE SEÑALÍTICA EN COSTA ADEJE,432*/61*,,0.0,,0.0,0.0,0.0
432/61924,INFORMACIÓN Y PROMOCIÓN TURÍSTICA/REMODELACIÓN AVDA. ADEJE 300 PLAYA PARAISO,432*/61*,,0.0,,0.0,0.0,0.0
432/62500,INFORMACIÓN Y PROMOCIÓN TURÍSTICA/ MOBILIARIO Y ENSERES,432*/62*,,0.0,,10175.03,10175.03,10175.03
432/62600,INFORMACIÓN Y PROMOCIÓN TURÍSTICA/EQUIPOS PARA PROCESOS DE INFORMACIÓN .,432*/62*,,0.0,,1500.0,1500.0,0.0
432/76100,INFORMACIÓN Y PROMOCIÓN TURÍSTICA/A CONS.DIPUT.Y CABILDO,432*/76*,,475769.0,,390769.0,866538.0,866538.0
439/14300,OTRAS ACTUACIONES SECTORIALES/ OTRO PERSONAL,4*/1*,,0.0,,478.01,478.01,478.01
441/22699,TRANSPORTE DE VIAJEROS/OTROS GASTOS DIVERSOS,441*/22*,,8500.0,,0.0,8500.0,352.95
441/22706,TRANSPORTE DE VIAJEROS/ ESTUDIOS Y TRABAJOS TÉCNICOS,441*/22*,,0.0,,0.0,0.0,12519.0
441/22799,TRANSPORTE DE VIAJEROS/OT.TRAB.RLZ.OT.EMP.Y PROF,441*/22*,,15000.0,,0.0,15000.0,9000.61
491/13000,SOCIEDAD DE LA INFORM./RETRIBUCIONES BÁSICAS,4*/1*,,26481.95,,0.0,26481.95,27722.9
491/13002,SOCIEDAD DE LA INFORM./OTRAS RETRIBUCIONES,4*/1*,,12361.44,,0.0,12361.44,11796.42
491/13100,SOCIEDAD DE LA INFORMACIÓN/RETRIBUCIONES BÁSICAS,4*/1*,,119868.0,,0.0,119868.0,99787.82
491/16000,SOC. DE LA INFORMACIÓN/SEGURIDAD SOCIAL,4*/1*,,50034.74,,0.0,50034.74,39661.92
491/21500,SOCIEDAD DE INFORMACIÓN/MOBILIARIO Y ENSERES,491*/21*,,2000.0,,0.0,2000.0,0.0
491/21900,SOCIEDAD DE LA INFORM./ REP.MANT.Y CONS.OT.INV.MAT,491*/21*,,20260.0,,0.0,20260.0,20733.96
491/22104,SOCIEDAD DE LA INFORMACIÓN/VESTUARIO,491*/22*,,2000.0,,0.0,2000.0,0.0
491/22500,SOCIEDAD DE LA INFORMACIÓN/ TRIBUTOS ESTATALES,491*/22*,,100.0,,0.0,100.0,100.0
491/22602,SOCIEDAD DE INFORMACIÓN/PÚBLICIDAD Y PROPAGANDA,491*/22*,,104400.0,,0.0,104400.0,3745.0
491/22699,SOCIEDAD DE LA INFORMACIÓN/OTROS GASTOS DIVERSOS,491*/22*,,2590.0,,0.0,2590.0,6595.76
491/22799,SOCDAD. INFORM./OT.TRBJOS.REAL.OT.EMPRESAS Y PROFE,491*/22*,,15000.0,,0.0,15000.0,106154.3
491/62600,SOCIEDAD DE LA INFORMACIÓN/ EQUIPOS PARA PROCESOS DE INFORMACIÓN,491*/62*,,0.0,,2000.0,2000.0,0.0
491/62904,SOCIEDAD DE LA INFORMACIÓN/ INFRAESTRUCTURAS PARA LA TDT TAUCHO,491*/62*,,0.0,,1960.2,1960.2,0.0
491/62909,SOCIEDAD DE LA INFORMACIÓN/ INSTALACIÓN AIRE ACONDICIONADO,491*/62*,,0.0,,0.0,0.0,1058.06
491/62922,SOCIEDAD DE LA INFORMACIÓN/ EQUIPAMIENTO TÉCNICO EMISORA DE RADIO,491*/62*,,0.0,,20362.47,20362.47,19997.95
491/64108,SOCIEDAD DE LA INFORMACIÓN/ SOFTWARE AUTOMATIZACIÓN Y PUBLICIDAD.,491*/64*,,0.0,,243.21,243.21,0.0
493/13000,PROTECCIÓN DE CONSUMIDORES Y USUARIOS/RETRIBUCIONES BÁSICAS,4*/1*,,33359.91,,0.0,33359.91,34206.87
493/13002,PROTECCIÓN DE CONSUMIDORES Y USUARIOS/OTRAS REMUNERACIONES,4*/1*,,8211.6,,0.0,8211.6,8211.6
493/13100,PROTECCION DE CONSUMIDORES Y USUARIOS/RETRIBUCIONES BÁSICAS LAB.TE,4*/1*,,22913.24,,0.0,22913.24,22622.43
493/16000,PROTECCIÓN DE CONSUMIDORES Y USUARIOS/SEGURIDAD SOCIAL,4*/1*,,20283.77,,0.0,20283.77,19692.96
912/10000,ORGANOS DE GOBIERNO/RETRIBUCIONES BASICAS,9*/10*,,682103.28,,-77228.01,604875.27,604875.27
912/11000,ORGANOS DE GOBIERNO/RETRIBUCIONES BASICAS,9*/11*,,426355.94,,-135000.0,291355.94,238908.26
912/16000,ORGANOS DE GOBIERNO/ SEGURIDAD SOCIAL,9*/1*,,282747.64,,0.0,282747.64,216807.12
912/22199,ÓRGANOS DE GOBIERNO/OTROS SUMINISTROS,912*/22*,,4000.0,,0.0,4000.0,11770.96
912/22601,ÓRG.GOBIERNO/ATENCIONES PROTOCOLARIAS.Y REPRESENTA,912*/22*,,6000.0,,0.0,6000.0,12911.22
912/22602,ÓRGANOS DE GOBIERNO/PUBLICIDAD Y PROPAGANDA,912*/22*,,1000.0,,0.0,1000.0,0.0
912/22699,ORGANOS DE GOBIERNO/OTROS GASTOS DIVERSOS,912*/22*,,5000.0,,8000.0,13000.0,17369.59
912/22706,ORGANOS DE GOBIERNO/ESTDIOS.Y TRBJOS TÉCNICOS,912*/22*,,15000.0,,0.0,15000.0,0.0
912/22799,ORG. GOBIERNO/OT.TRBJOS.REALIZ.OT.EMPRESAS Y PROFE,912*/22*,,2000.0,,10000.0,12000.0,8151.26
912/23000,ORGANOS DE GOBIERNO/DIETAS MIEMBROS ORG.GBRNO.,912*/23*,,1000.0,,24000.0,25000.0,1491.1
912/23020,ORGANOS DE GOBIERNI/DIETAS OT PERS. NO DIRECTIVO,912*/23*,,500.0,,0.0,500.0,0.0
912/23100,ORGANOS DE GOBIERNO/ LOCOMOCIÓN MIEMBROS ORG.GOBIE,912*/23*,,1000.0,,2000.0,3000.0,978.41
912/23120,ORGANOS DE GOBIERNO/ LOCMOC. OT PERS NO DIRECTIVO,912*/23*,,500.0,,0.0,500.0,0.0
912/48900,ÓRGANOS DE GOBIERNO/ OTRAS TRANSFERENCIAS,912*/48*,,0.0,,12000.0,12000.0,12000.0
920/12000,ADMINISTRACION GENERAL/SUELDOS  GRUPO A1,9*/1*,,78089.76,,0.0,78089.76,64303.54
920/12001,ADMINISTRACIÓN GENERAL/ SUELDOS DEL GRUPO A2,9*/1*,,37164.86,,0.0,37164.86,35781.49
920/12003,ADMINISTRACION GENERAL./SUELDO GRUPO C1,9*/1*,,10379.12,,0.0,10379.12,10720.89
920/12006,ADMINISTRACION GENERAL/ TRIENIOS,9*/1*,,27703.69,,0.0,27703.69,23784.83
920/12100,ADMINISTRACION GENERAL/ COMPLEMENTO DE DESTINO,9*/1*,,77376.18,,0.0,77376.18,68340.6
920/12101,ADMINISTRACION GENERAL/COMPLEMENTO ESPECIFICO,9*/1*,,174504.52,,0.0,174504.52,162011.2
920/12103,ADMINISTRACION GENERAL/OTROS COMPLEMENTOS,9*/1*,,18335.39,,0.0,18335.39,15726.37
920/13000,ADMINISTRACION GENERAL/RETRIBUCIONES BASICAS,9*/1*,,137571.3,,0.0,137571.3,155587.32
920/13002,ADMINISTRACION GENERAL/OTRAS REMUNERACIONES,9*/1*,,38478.24,,0.0,38478.24,37797.57
920/13100,ADMTRACION GENERAL/RETRIBUCIONES BASICAS LAB.TEM,9*/1*,,1287243.31,,0.0,1287243.31,1346670.58
920/15000,ADMINISTRACION GENERAL/ PRODUCTIVIDAD,9*/15*,,53887.79,,0.0,53887.79,46364.67
920/15100,ADMINISTRACION GENERAL/GRATIFICACIONES FUNCIONARIO,9*/15*,,2000.0,,0.0,2000.0,3190.1
920/15101,ADMTRACIÓN.GRAL./GRATIFICACIONES PERSONAL LABORAL,9*/15*,,40000.0,,0.0,40000.0,28803.99
920/16000,ADMINISTRACION GENERAL/ SEGURIDAD SOCIAL,9*/1*,,533821.74,,0.0,533821.74,493380.12
920/16103,ADMINISTRACIÓN GENERAL/ PENSIONES EXCEPCIONALES,9*/1*,,0.0,,0.0,0.0,9000.0
920/16204,ADMINISTRACIÓN GENERAL/ ACCIÓN SOCIAL.,9*/1*,,0.0,,0.0,0.0,4327.2
920/20000,ADMON. GRAL/ARRENDAMIENTO  TERRENOS Y BB NATURALES,920*/20*,,8000.0,,0.0,8000.0,7704.0
920/20200,ADMTRACIÓN GRAL/ARRNDMNTO EDIFICIOS Y OT.CONSTRUCC,920*/20*,,218983.1,,0.0,218983.1,162712.74
920/20500,ADMTRACIÓN GRAL/ ARRNDMNTO MOBILIARIO Y ENSERES,920*/20*,,24000.0,,0.0,24000.0,23431.56
920/21400,ADMTRACION GRAL/REP.MANT.ELEMENTOS TRANSPORTE,920*/21*,,120000.0,,2790.44,122790.44,115448.29
920/21501,ADMINISTRACIÓN GENERAL/REP.MANTNMTO Y CONS.EQUIPOS DE OFICINA,920*/21*,,35000.0,,12000.0,47000.0,53398.28
920/21600,ADMINISTRACIÓN GENERAL/ REP. MANTNMTO Y CONSERVACIÓN DE EQUIPOS DE INFORMACIÓN,920*/21*,,0.0,,0.0,0.0,847.0
920/22000,ADMINTRACIÓN GRAL/MAT.OFICINA ORD.NO INVENTARIABLE,920*/22*,,70000.0,,0.0,70000.0,81301.91
920/22001,"ADMINIST. GRAL./PRENSA, REVISTAS,LIBROS Y OT.PUBLI",920*/22*,,12000.0,,0.0,12000.0,15203.23
920/22002,ADMINT.GRAL/MAT.INF. NO INVENTARIABLE,920*/22*,,12000.0,,0.0,12000.0,16077.71
920/22103,ADMINISTRACIÓN GRAL./ COMBUSTIBLE Y CARBURANTES.,920*/22*,,125000.0,,-3716.18,121283.82,86356.44
920/22104,ADMINISTRACIÓN GENERAL/ VESTUARIO.,920*/22*,,0.0,,0.0,0.0,1762.63
920/22199,ADMINISTRACIÓN GENERAL./ OTROS SUMINISTROS,920*/22*,,20000.0,,0.0,20000.0,35374.77
920/22200,ADMINISTRACIÓN GRAL./ COMUNICACIONES TELEFONICAS,920*/22*,,150000.0,,0.0,150000.0,109481.3
920/22201,ADMINISTRACIÓN GRAL./ COMUNICACIONES POSTALES,920*/22*,,256800.0,,-144500.0,112300.0,112959.22
920/22400,ADMINISTRACIÓN GENERAL./ PRIMAS DE SEGUROS,920*/22*,,151215.0,,-20000.0,131215.0,119844.5
920/22500,ADMINISTRACIÓN GENERAL/ TRIBUTOS ESTATALES,920*/22*,,300.0,,0.0,300.0,223.93
920/22602,ADMINIST. GRAL./PUBLICIDAD Y PROPAGANDA,920*/22*,,20000.0,,0.0,20000.0,31018.36
920/22603,ADMT.GRAL./PUBLICACION EN DIARIOS OFICIALES,920*/22*,,20000.0,,0.0,20000.0,12503.09
920/22604,ADMINISTRACIÓN GENERAL/ GASTOS JURIDICOS,920*/22*,,15000.0,,0.0,15000.0,8351.8
920/22698,ADMINISTRACIÓN GRAL/RESPONSABILIDAD PATRIMONIAL,920*/22*,,10000.0,,0.0,10000.0,0.0
920/22699,ADMINISTRACIÓN GENERAL/ OTROS GASTOS DIVERSOS,920*/22*,,15000.0,,0.0,15000.0,28469.52
920/22700,ADMINISTRACIÓN GENERAL/ LIMPIEZA Y ASEO,920*/22*,,4142646.2,,-410000.0,3732646.2,3726682.07
920/22706,ADMINISTRACIÓN GENERAL/ ESTUDIOS Y TRAB.TÉCNICOS,920*/22*,,56250.08,,10934.6,67184.68,44345.9
920/22799,ADMINISTRACIÓN GRAL/ OT.TRABJOS RLZ.OT.EMP.Y PROF.,920*/22*,,237098.29,,23355.74,260454.03,226240.09
920/23020,ADMINISTRACIÓN GRAL./DIETAS PERSONAL NO DIRECTIVO,920*/23*,,1000.0,,0.0,1000.0,503.02
920/23120,ADMINISTRACIÓN GRAL./LOC.PERS.NO DIRECTIVO,920*/23*,,1000.0,,0.0,1000.0,1087.75
920/23300,ADMINISTRACIÓN GRAL./OTRAS INDEMNIZACIONES,920*/23*,,2000.0,,0.0,2000.0,0.0
920/62227,ADMINISTRACIÓN GENERAL/ MOLINO DE AGUA.,920*/62*,,0.0,,30000.0,30000.0,0.0
920/62400,ADMINISTRACIÓN GENERAL/ ELEMENTOS DE TRANSPORTE,920*/62*,,0.0,,18000.0,18000.0,18522.6
920/62500,ADMINISTRACIÓN GRAL/ MOBILIARIO,920*/62*,,20000.0,,2000.0,22000.0,23990.3
920/62501,ADMINISTRACIÓN GENERAL/ EQUIPOS DE OFICINA,920*/62*,,0.0,,20000.0,20000.0,18842.8
920/62508,ADMINISTRACIÓN GENERAL/ MICRÓFONOS.,920*/62*,,0.0,,0.0,0.0,751.6
920/62526,ADMINISTRACIÓN GENERAL/ MICROFONÍA PARA EL SALÓN DE PLENOS,920*/62*,,0.0,,4640.0,4640.0,4610.0
920/62600,ADMT.GRAL./ EQUIPOS PARA PROCESOS DE INFORMACION,920*/62*,,20000.0,,46430.5,66430.5,66956.07
920/62602,ADMT. GRAL. / TELEFONIA IP,920*/62*,,5000.0,,0.0,5000.0,1473.25
920/62900,ADMINISTRACIÓN GENERAL/ OTRAS INVERSIONES NUEVAS ASOC. AL FUNCNMTO OPERATIVO DE LOS SS,920*/62*,,0.0,,5209.56,5209.56,5209.56
920/64106,ADMINISTRACIÓN GENERAL/MODULO GEMA2.0,920*/64*,,16186.96,,0.0,16186.96,16186.96
920/64111,ADMINISTRACIÓN GENERAL / SOFTWARE CONECTA FACE GEMA,920*/64*,,0.0,,12305.0,12305.0,12305.0
920/83000,ADMINISTRACIÓN GENERAL/ PRÉSTAMOS A CORTO PLAZO,920*/83*,,60000.0,,0.0,60000.0,61900.0
920/83100,ADMINISTRACIÓN GRAL/ PRESTAMOS A LARGO PLAZO,920*/83*,,100000.0,,0.0,100000.0,51250.0
923/13100,INF.BÁSICA Y ESTDISTIC/RETRIBUCIONES BÁSICAS LAB.T,9*/1*,,70803.88,,0.0,70803.88,69804.99
923/16000,INF.BÁSICA Y ESTADÍSTICA/SEGURIDAD SOCIAL,9*/1*,,21793.77,,0.0,21793.77,21117.99
924/13100,PARTICIPACIÓN CIUDADANA/RETRIBUCIONES BÁSICAS,9*/1*,,45319.5,,-3956.7,41362.8,66121.61
924/16000,PARTIC.CIUDADANA/SEGURIDAD SOCIAL,9*/1*,,13737.81,,0.0,13737.81,13306.23
924/22699,PARTICIPACIÓN CIUDADANA/ OTROS GASTOS DIVERSOS,924*/22*,,2000.0,,0.0,2000.0,6570.87
924/22799,PARTICIPACIÓN CIUDADANA/TRABAJO REALIZADO POR OTRAS EMPRESAS,924*/22*,,28000.0,,-1563.78,26436.22,19003.2
924/48900,PARTICIPACIÓN CIUDADANA/ OTRAS TRANSFERENCIAS,924*/48*,,3000.0,,750.0,3750.0,3750.0
925/12003,ATENNCIÓN A LOS CIUDADANOS/SUELDOS DEL GRUPO C1,9*/1*,,10080.28,,0.0,10080.28,10794.66
925/12006,ATENCIÓN A LOS CIUDADANOS/TRIENIOS,9*/1*,,4788.42,,0.0,4788.42,4695.34
925/12100,ATENCIÓN A LOS CIUDADANOS/COMPLEMENTO DE DESTINO,9*/1*,,4584.16,,0.0,4584.16,4584.16
925/12101,ATENCIÓN A LOS CIUDADANOS/COMPLEMENTO ESPECIFICO,9*/1*,,12831.14,,0.0,12831.14,12831.14
925/12103,ATENCIÓN A LOS CIUDADANOS/OTROS COMPLEMENTOS,9*/1*,,1537.23,,0.0,1537.23,1537.2
925/13100,ATENCION CIUDADANOS/RETRIBUCIONES BASICAS LAB.TEM,9*/1*,,149890.11,,0.0,149890.11,140889.39
925/15000,ATENCIÓN A LOS CIUDADANOS/PRODUCTIVIDAD,9*/15*,,4810.96,,0.0,4810.96,4334.09
925/16000,ATENCION A LOS CIUDADANOS/SEGURIDAD SOCIAL,9*/1*,,58800.36,,0.0,58800.36,55963.79
931/12000,POLITICA ECON.Y FISCAL/SUELDOS GRUPO A1,9*/1*,,15640.76,,0.0,15640.76,16401.74
931/12001,POLITICA ECON. Y FISCAL/SUELDOS GRUPO A2,9*/1*,,13542.29,,0.0,13542.29,13941.53
931/12006,POLITICA ECON.Y FISCAL/ TRIENIOS,9*/1*,,8335.89,,0.0,8335.89,7975.31
931/12100,POLITICA ECON.Y FISCAL/COMPLEMENTO DE DESTINO,9*/1*,,17921.41,,0.0,17921.41,18487.53
931/12101,POLITICA ECON.Y FISCAL/COMPLEMENTO ESPECIFICO,9*/1*,,42964.52,,0.0,42964.52,45213.57
931/12103,POLITICA ECON.Y FISCAL/ OTROS COMPLEMENTOS,9*/1*,,4185.64,,0.0,4185.64,4136.3
931/13100,POLÍTICA ECONOMICA Y FISCAL/RETRIBUCIONES BÁSICAS,9*/1*,,190476.67,,0.0,190476.67,210704.75
931/15000,POLÍTICA ECON.Y FISCAL/PRODUCTIVIDAD,9*/15*,,12570.47,,0.0,12570.47,11013.34
931/16000,POLÍTICA ECON.Y FISCAL/ SEGURIDAD SOCIAL,9*/1*,,80136.11,,0.0,80136.11,76508.07
932/12000,GESTIÓN SISTEMA TRIBUTARIO/ RETRIBUCIONES GRUPO A2,9*/1*,,0.0,,0.0,0.0,17150.28
932/12001,GESTION SIST.TRIBUTARIO/SUELDOS GRUPO A2,9*/1*,,26968.01,,0.0,26968.01,26843.7
932/12006,GESTION SIST.TRIBUTARIO/TRIENIOS,9*/1*,,8638.45,,0.0,8638.45,12168.27
932/12100,GESTION SIST.TRIBUTARIO/COMPLEMENTO DE DESTINO,9*/1*,,12384.89,,0.0,12384.89,22525.03
932/12101,GESTION SIST.TRIBUTARIO/COMPLEMENTO ESPECIFICO,9*/1*,,25815.02,,0.0,25815.02,51048.37
932/12103,GESTION SIST. TRIBUTARIO/OTROS COMPLEMENTOS,9*/1*,,3750.76,,0.0,3750.76,5708.43
932/13000,GESTION SIST. TRIBUTARIO/RETRIBUCIONES BASICAS,9*/1*,,21136.26,,0.0,21136.26,21615.49
932/13002,GESTION SIST.TRIBUTARIO/OTRAS REMUNERACIONES,9*/1*,,6313.2,,0.0,6313.2,6321.52
932/13100,GESTIÓN DEL SISTEMA TRIBUTARIO/RETRIBUCIONES BÁSICAS,9*/1*,,154462.57,,0.0,154462.57,127533.07
932/15000,GESTIÓN SIST.TRIBUTARIO/PRODUCTIVIDAD,9*/15*,,11698.72,,0.0,11698.72,14982.31
932/16000,GESTIÓN SIST.TRIBUTARIO/SEGURIDAD SOCIAL,9*/1*,,78283.57,,0.0,78283.57,70926.61
932/22706,GESTIÓN DEL SISTEMA TRIBUTARIO/ ESTUDIOS Y TRABAJOS TÉCNICOS,932*/22*,,0.0,,0.0,0.0,68396.32
932/22708,GESTION SIST. TRIBUTARIO/SERVICIOS DE RECAUDACIÓN,932*/22*,,1950000.0,,631621.64,2581621.64,2499446.49
933/12001,GESTIÓN DEL PATRIMONIO/SUELDOS GRUPO A2,9*/1*,,116.57,,0.0,116.57,1025.36
933/12006,GESTION DEL PATRIMONIO/ TRIENIOS,9*/1*,,29.57,,0.0,29.57,0.0
933/12100,GESTION DEL PATRIMONIO/ COMPLEMENTO DE DESTINO,9*/1*,,73.29,,0.0,73.29,0.0
933/12101,GESTION DEL PATRIMONIO/ COMPLEMENTO ESPECIFICO,9*/1*,,152.74,,0.0,152.74,0.0
933/12103,GESTION DEL PATRIMONIO/ OTROS COMPLEMENTOS,9*/1*,,22.2,,0.0,22.2,0.0
933/13100,GESTIÓN DE PATRIMONIO/RETRIBUCIONES BÁSICAS,9*/1*,,45437.77,,0.0,45437.77,25285.11
933/16000,GESTION DEL PATRIMONIO/SEGURIDAD SOCIAL,9*/1*,,13737.81,,0.0,13737.81,7357.12
933/21200,GES. PATRIMONIO/REP.MANT.EDIFICIOS Y OT.CONSTRUCCI,933*/21*,,141912.12,,47076.02,188988.14,181411.45
933/21300,GESTIÓN DEL PATRIMONIO/REP.MANT.MAQ.INST.Y UTILLAJ,933*/21*,,6000.0,,0.0,6000.0,5932.17
933/22100,GESTION DEL PATRIMONIO/ENERGIA ELECTRICA,933*/22*,,240000.0,,0.0,240000.0,230329.23
933/22706,GESTIÓN DEL PATRIMONIO/ESTUDIOS Y TRABAJOS TÉCNICOS,933*/22*,,2000.0,,0.0,2000.0,5369.49
933/22799,GES. PATRIMONIO/OT.TRAB. REALIZ.OT.EMPRESAS Y PROF,933*/22*,,1487587.0,,-732552.2,755034.8,618223.88
933/62200,GESTIÓN DEL PATRIMONIO/EDIFICIOS Y OTRAS CONSTRUCCIONES,933*/62*,,125000.0,,0.0,125000.0,64663.39
933/62504,GESTIÓN DEL PATRIMONIO/ ESCULTURAS,933*/62*,,0.0,,0.0,0.0,3210.0
933/62900,GESTIÓN DEL PATRIMONIO/ OTRAS INV.NUEVAS ASOCIADAS AL FUNCNMTO. DE LOS SERVICIOS,933*/62*,,0.0,,1000.0,1000.0,641.36
934/12000,GEST.DEUDA Y TESORERÍA/SUELDOS GRUPO A1,9*/1*,,31167.46,,0.0,31167.46,31845.29
934/12001,GEST.DEUDA Y TESORERÍA/SUELDOS GRUPO A2,9*/1*,,13542.29,,0.0,13542.29,13920.08
934/12004,GEST.DEUDA Y TESORERÍA/SUELDOS GRUPO C2,9*/1*,,8488.46,,0.0,8488.46,9170.72
934/12006,GEST.DEUDA Y TESORERÍA/TRIENIOS,9*/1*,,17884.02,,0.0,17884.02,17096.54
934/12100,GEST.DEUDA Y TESORERÍA/COMPLEMENTO DE DESTINO,9*/1*,,31480.54,,0.0,31480.54,31255.4
934/12101,GEST.DEUDA Y TESORERÍA/COMPLEMENTO ESPECIFICO,9*/1*,,68899.51,,0.0,68899.51,70545.15
934/12103,GEST.DEUDA YTESORERÍA/OTROS COMPLEMENTOS,9*/1*,,7739.78,,0.0,7739.78,7588.82
934/13100,GESTIÓN DE LA DEUDA Y DE LA TESORERÍA/RETRIBUCIONES BÁSICAS,9*/1*,,29350.47,,0.0,29350.47,52857.49
934/15000,GESTION DEUDA Y TESORERÍA/PRODUCTIVIDAD,9*/15*,,23886.94,,0.0,23886.94,21248.96
934/16000,GEST.DEUDA Y TESORERIA/SEGURIDAD SOCIAL,9*/1*,,49362.9,,0.0,49362.9,53025.13
934/35200,GESTIÓN DEUDA Y TESORERÍA/INTERESES DE DEMORA,9*/3*,,100000.0,,0.0,100000.0,73687.81
934/35900,GESTIÓN DEUDA Y TESORERIA/OT.GASTOS FINANCIEROS,9*/3*,,6000.0,,0.0,6000.0,308.75
934/35901,GESTION DEUDA Y TESORERIA/ SERV. BANC.Y SIMILARES,9*/3*,,6000.0,,0.0,6000.0,6415.98
943/42000,TRANSF. OT ENTIDADES LOC./A LA ADMT.GRAL.ESTADO,943*/42*,,70000.0,,3716.18,73716.18,73716.18
943/46700,TRANSF..OT.ENTIDADES LOC./ A CONSORCIOS,943*/46*,,370000.0,,-18725.0,351275.0,345936.6
